idiom_id_lang;idiom_id;idiom_string;CQL;List_most_common (1 = yes, 0 = no);nr_languages_found;language;domain_id;domain_name;superdomain;subdomain;idiom_frequency;idiom_frequency_per_mill;corpus_size;idiom_syntactic_type;source_volume;description_english;comment 
a16fr;a16;le moindre mal;"[tag=""DET.*""] [lemma_lc=""moindre""] [lemma_lc=""mal""]";1;49;fr;a;ancient_sources;intertextuality;proverbial_phrases_antiquity;7615;0.67;11444973582;noun_idiom;Vol_I;"‘the somewhat less unpleasant of two poor choices; the option with the smaller disadvantage’";"""un moindre mal"" is most freuquent with 4,040, would not have been considered if only ""le"" had been taken "
a17fr;a17;les dés sont jetés / le dé en est jeté;"[tag=""DET.*""] [lemma_lc=""dé""] [lemma_lc=""en""]? [lemma_lc=""être""] [lemma_lc=""jeter""]";1;49;fr;a;ancient_sources;intertextuality;proverbial_phrases_antiquity;2070;0.18;11444973582;sentence_idiom;Vol_I;"‘an important decision about the future has been made or something important has happened, and there is no turning back; an irrevocable step has been taken’";
a20fr;a20;jeter/mettre de l’huile sur le feu;" [lemma_lc=""de""] [tag=""DET.*""] [lemma_lc=""huile""] [lemma_lc=""sur""] [tag=""DET.*""] [lemma_lc=""feu""] context [lemma=""mettre""] (-5..5,-KWIC)";1;59;fr;a;ancient_sources;intertextuality;proverbial_phrases_antiquity;1916;0.17;11444973582;verb_idiom;Vol_I;‘to make a difficult situation even worse, exaggerating a conflict, to aggravate someone’s rage’;
b03fr;b03;à la sueur de son front;"[lemma_lc=""à""] [tag=""DET.*""] [lemma_lc=""sueur""] [lemma_lc=""de""] [tag=""DET:POS"" | tag=""(NOM|NAM)""] [lemma_lc=""front""]";1;59;fr;b;bible ;intertextuality;old_testament;2813;0.25;11444973582;adverbial_idiom;Vol_I;"‘by very hard work, either physical or mental; very toilsome; with the greatest effort’";
b08fr;b08;le mouton noir de la famille;" [tag=""DET.*""] [lemma_lc=""mouton""] [lemma_lc=""noir""] [lemma_lc=""de""]? [lemma_lc=""le""]? [lemma_lc=""famille""]? Hide sub-hits ";1;49;fr;b;bible ;intertextuality;old_testament;2180;0.19;11444973582;noun_idiom;Vol_I;"‘an odd or disreputable member of a group; someone who is very different from the rest of his/her family, group or society and considered worthless by them because s/he is less successful or more contemptible than the rest’";
b20fr;b20;s’en laver les mains;"[lemma_lc=""se""] [lemma_lc=""en""] [lemma_lc=""laver""] [tag=""DET.*""] [lemma_lc=""main""]";1;54;fr;b;bible ;intertextuality;old_and_new_testament;1200;0.1;11444973582;verb_idiom;Vol_I;"to absolve oneself from responsibility; to declare that one no longer wishes to be involved in a matter and will therefore not be implicated in the outcome of events; to refuse to take any further part in an endeavor’";
b23fr;b23;prendre qqn. sous son aile;"[lemma_lc=""sous""] [tag=""DET:POS"" | tag=""(NOM|NAM)""] [lemma_lc=""aile""] context [lemma=""prendre""] (-5..5,-KWIC)";1;62;fr;b;bible ;intertextuality;old_and_new_testament;9258;0.81;11444973582;verb_idiom;Vol_I;"‘to help and protect someone, especially someone who is younger or less experienced; to provide someone with friendly encouragement or protection’";
b29fr;b29;séparer le bon grain de l’ivraie;"[tag=""DET.*""] [lemma_lc=""bon""] [lemma_lc=""grain""] [lemma_lc=""de""] [tag=""DET.*""] [lemma_lc=""ivraie""] context [lemma=""séparer""] (-5..5,-KWIC)";1;52;fr;b;bible ;intertextuality;new_testament;1210;0.11;11444973582;verb_idiom;Vol_I;‘to decide which things or people in a group are good or necessary, and which are not, to distinguish valuable from worthless’;
b34fr;b34;bâtir sur le/sur du sable;"[lemma_lc=""sur""] [lemma_lc=""du|le""]? [lemma_lc=""sable""] context [lemma=""bâtir""] (-5..5,-KWIC)";1;52;fr;b;bible ;intertextuality;new_testament;620;0.05;11444973582;verb_idiom;Vol_I;‘to have no secure foundation and therefore to be likely to collapse or come to an end’;
c14fr;c14;s’arracher les cheveux;"[lemma_lc=""arracher""] [tag=""DET.*""] [lc=""cheveux""] context [lemma=""se""] (-5..5,-KWIC)";1;62;fr;c;ancient_sources;intertextuality;ancient_textual_sources_and_other_sources;4621;0.4;11444973582;verb_idiom;Vol_I;"‘to be unbearably frustrated or worried about something; to show extreme desperation, to be in deep despair; to be horrified’";
c25fr;c25;jour et nuit;"[lc=""jour""] [lc=""et""] [lc=""nuit""]";1;69;fr;c;ancient_sources;intertextuality;ancient_textual_sources_and_other_sources;33873;2.96;11444973582;adverbial_idiom;Vol_I;"‘all the time; around the clock, continually, perpetually’";merged columns
c26fr;c26;de la tête aux pieds;"([lemma_lc=""de""] [lemma_lc=""le""] [lemma_lc=""tête""] [lc=""aux""] [lemma_lc=""pied""] ) | ([lc=""des""] [lemma_lc=""pied""] [lemma_lc=""à""] [lemma_lc=""le""] [lemma_lc=""tête""] )";1;62;fr;c;ancient_sources;intertextuality;ancient_textual_sources_and_other_sources;14501;1.27;11444973582;adverbial_idiom;Vol_I;"‘1. from top to bottom; the whole of someone’s body; 2. completely, totally; through and through’";"added ""des pieds à la tete"" since it is more frequent. "
e03fr;e03;prendre le taureau par les cornes;"[tag=""DET.*""] [lemma_lc=""taureau""] [lemma_lc=""par""] [tag=""DET.*"" | tag=""PRO.*""]? [lemma_lc=""corne""] context [lemma=""prendre""] (-5..5,-KWIC)";1;55;fr;e;proverbs;intertextuality;medieval_proverb_collections;3541;0.31;11444973582;verb_idiom;Vol_I;"‘to deal fearlessly with a problem; to act decisively and with determination in order to deal with a difficult situation’";
e05fr;e05;acheter chat en poche/acheter le chat en sac;"[tag=""DET.*""]? [lemma_lc=""chat""] [lemma_lc=""en""] [lemma_lc=""poche|sac""] context [lemma=""acheter""] (-5..5,-KWIC)";1;48;fr;e;proverbs;intertextuality;medieval_proverb_collections;62;0.01;11444973582;verb_idiom;Vol_I;"‘to buy or accept something without inspecting or thinking about it carefully first; with the result that one gets something that one does not want; to make an uninformed decision’";
e09fr;e09;donner (TAPER) de la tête contre un mur;"[lemma_lc=""de""]? [tag=""DET.*"" | tag=""PRO.*""]? [lemma_lc=""tête""] [lemma_lc=""contre""] [tag=""DET.*""] [lemma_lc=""mur""] context [lemma=""donner|taper""] (-5..5,-KWIC) Hide sub-hits";1;50;fr;e;proverbs;intertextuality;medieval_proverb_illustrations ;1247;0.11;11444973582;verb_idiom;Vol_I;"‘to waste one’s time and energy attempting the impossible and get
frustrated by doing so; to make fruitless endeavors in a hopeless enterprise (even using force)’";
e10fr;e10;(être)armé jusqu’aux dents;"[lemma_lc=""jusque""] [tag=""PRP:det""] [lemma_lc=""dent""] context [lemma=""armer""] (-5..5,-KWIC)";1;46;fr;e;proverbs;intertextuality;medieval_proverb_illustrations ;4667;0.41;11444973582;verb_idiom;Vol_I;"‘to possess a lot of weapons or any effective weapon; to be overly well equipped or prepared’";
e17fr;e17;entrer par une oreille et sortir par l’autre,;"[lemma_lc=""entrer""] [lemma=""par""] [lemma=""un""] [lemma=""oreille""]";1;48;fr;e;proverbs;intertextuality;medieval_literary_texts;163;0.01;11444973582;verb_idiom;Vol_I;"‘(of advice, instructions, etc.) to be heard without making any lasting impression on the listener; to be utterly ignored and unheeded, not to be taken note of intentionally’";
e21fr;e21;jouer avec le feu;"[lemma_lc=""avec""] [tag=""DET.*""] [lemma_lc=""feu""] context [lemma=""jouer""] (-5..5,-KWIC)";1;64;fr;e;proverbs;intertextuality;medieval_literary_texts;8322;0.73;11444973582;verb_idiom;Vol_I;‘to take needless risks in a situation that one knows is dangerous, to meddle with something that is potentially dangerous or harmful’;
f05fr;f05; l’antre/la caverne/gueule du lion;"[lemma_lc=""antre"" | lemma_lc=""caverne"" | lemma_lc=""gueule""] [lc=""du""] [lemma_lc=""lion"" | lemma_lc=""loup""]";0;NA;fr;f;fables_folk_narratives;intertextuality;aesopic_types ;4317;0.38;11444973582;verb_idiom;Vol_I;"‘to expose oneself to great danger by entering an opponent’s territory; to go and see someone who has power or authority over you and tell them what you want or why you disagree with them’";"only use noun idiom ""lion's den"" The verb can be varies and otherwise frequency in English is less 0.01."
f08fr;f08;pêcher en eau trouble;"[lemma=""en""] [lemma_lc=""eau""] [lemma_lc=""trouble""] context [lemma=""pêcher""] (-5..5,-KWIC)";1;51;fr;f;fables_folk_narratives;intertextuality;aesopic_types ;218;0.02;11444973582;verb_idiom;Vol_I;‘to try to take advantage of a confused situation, to make capital out of someone else’s misfortune using dubious methods’;
f14fr;f14;(chercher) une aiguille dans une botte de foin;"[tag=""DET.*""] [lemma_lc=""aiguille""] [lemma_lc=""dans""] [tag=""DET.*""] [lemma_lc=""botte""] [lemma_lc=""de""] [lemma_lc=""foin""] context [lemma=""chercher""] (-5..5,-KWIC)";1;60;fr;f;fables_folk_narratives;intertextuality;jests_and_comical tales;642;0.06;11444973582;verb_idiom;Vol_I;"‘to try to find something very small that is lost among many other
things; to look for something that is impossible to find; to be bothered with searching without any prospect of success’";
f24fr;f24;être/se battre comme chien et chat;"[lemma_lc=""comme""] [lemma_lc=""chien""] [lemma_lc=""et""] [lemma=""chat""] context [lemma=""être|battre""] (-2..2,-KWIC)";1;68;fr;f;fables_folk_narratives;intertextuality;animal_tales;244;0.02;11444973582;verb_idiom;Vol_I;"‘(of two people who know each other well) to frequently have violent
arguments with each other, to keep quarrelling and get very angry with each other most of the time’";For F take 2 from each source (Animal tales, aesopic fables, jests) leave out fairy tales because they are not used in many languages French not very common  
f25fr;f25;jouer au chat et à la souris avec qqn. / jouer comme le chat avec la souris;"[lemma_lc=""comme""]? [lc=""le|au""] [lemma_lc=""chat""] [lemma_lc=""et|avec""] [lemma_lc=""à""]? [lemma_lc=""le""] [lemma_lc=""souris""] context [lemma_lc=""jouer""] (-5..5,-KWIC) Hide sub-hits ";1;54;fr;f;fables_folk_narratives;intertextuality;animal_tales;2257;0.2;11444973582;verb_idiom;Vol_I;"‘to stall someone off, letting him/her wait for a (negative) decision; to alternate harshness and leniency in one’s treatment of a helpless victim; to manipulate an opponent in a way alternately designed to provoke and spoil him’";leave out avec
f27fr;f27;des larmes de crocodile;"[tag=""DET.*"" | lc=""des""] [lemma_lc=""larme""] [lemma_lc=""de""] [lemma_lc=""crocodile""]";1;55;fr;f;fables_folk_narratives;intertextuality;animal_tales;1760;0.15;11444973582;verb_idiom;Vol_I;"‘to show false or pretended sadness, to display insincere grief; to pretend that one is weeping’";"leave out ""weep"" since crocodile tear in itself are idiomatic and in some languages the notion of ""weep "" is not included. The distribution of frequencies was similar "
i01fr;i01;noir sur blanc;"[lc=""noir"" & tag=""ADJ""] [lemma_lc=""sur""] [lc=""blanc"" & tag=""ADJ""]";1;61;fr;i;intellectual_technical_achievements;culture;writing_reading;7514;0.66;11444973582;adverbial_idiom;Vol_II;"‘1. reduced to writing; written down or in print, and therefore official; written proof of something; 2. written down or in print, and therefore very clear, in a comprehensive manner’";"word_lc because of different inflections in ""blanc""(blanche)"
i03fr;i03;lire entre les lignes;"[lemma_lc=""entre""] [lemma_lc=""le""] [lemma_lc=""ligne""] context [lemma=""lire""] (-5..5,-KWIC)";1;58;fr;i;intellectual_technical_achievements;culture;writing_reading;6354;0.56;11444973582;verb_idiom;Vol_II;"‘to understand or deduce the real meaning of something; to perceive a hidden message or additional information, even though it is not stated explicitly’";
i05fr;i05;on peut les compter sur les doigts d’une main;"[lemma_lc=""sur""] [lemma_lc=""le""] [lemma_lc=""doigt""] [lemma_lc=""de""] [tag=""DET.*""] [lemma_lc=""main""] context [lemma=""pouvoir""] (-5..5,-KWIC) context [lemma=""compter""] (-5..5,-KWIC)";1;52;fr;i;intellectual_technical_achievements;culture;writing_reading;1016;0.09;11444973582;verb_idiom;Vol_II;‘it is a very small number, there are surprisingly few of certain things’;“one can count them on the fingers of one hand”,
i09fr;i09;réinventer la roue;"[lemma_lc=""le""] [lemma_lc=""roue""] context [lemma=""réinventer""] (-5..5,-KWIC)";0;NA;fr;i;intellectual_technical_achievements;culture;inventions;2924;0.26;11444973582;verb_idiom;Vol_II;"‘to waste time and effort in creating something that already exists orredoing work when it has already been done satisfactorily; to rethink an already working system, method, etc. that has long been accepted and even taken for granted’";
i16fr;i16;donner le feu vert à qqn.;"[lemma_lc=""le""] [lemma_lc=""feu""] [lemma_lc=""vert""] context [lemma=""donner""] (-5..5,-KWIC)";1;59;fr;i;intellectual_technical_achievements;culture;inventions;5859;0.51;11444973582;verb_idiom;Vol_II;‘to encourage or allow someone to proceed, to give someone permission to do something that they were planning to do or have asked to do’;“to give the green traffic ligh to sb.”
i18fr;i18;être sur la même longueur d’onde (avec qqn.);"[lemma_lc=""sur""] [lemma_lc=""le""] [lemma_lc=""même""] [lemma_lc=""longueur""] [lemma_lc=""de""] [lemma_lc=""onde""] context [lemma=""être""] (-5..5,-KWIC)";0;NA;fr;i;intellectual_technical_achievements;culture;inventions;6008;0.52;11444973582;verb_idiom;Vol_II;"‘to have similar ideas, interests, and opinions (to another person’s); to understand each other very well’";“to give the green traffic ligh to sb.”, allow for Kwic -+ 5 because there were two verbs in German. 
k04fr;k04;le diable se cache dans le détail;"[tag=""PRP:det"" | lemma=""dans""] [tag=""DET.*""] [lemma_lc=""détail""] context [lemma=""diable""] (-5..5,-KWIC)";0;NA;fr;k;special_concepts_world;culture;folk_belief;973;0.09;11444973582;sentence_idiom;Vol_II;‘something looks easy to do but to carry it out proves much more difficultdue to small details that are overlooked and can cause serious problems’;"leave out verb ""cacher"" as it is not as fixed in this expression"
k10fr;k10;l'ironie du sort;"[lemma_lc=""ironie""] [tag=""PRP:det""] [lemma_lc=""sort""]";0;NA;fr;k;special_concepts_world;culture;folk_belief;8181;0.71;11444973582;noun_idiom;Vol_II;‘a paradoxical constellation that looks as if fate would be involved, a disastrous surprise without clear human intervention (said whensomething is surprisingly different than planned, when the opposite of what one had hoped for occurs)’;
k13fr;k13;une journée noire;"[tag=""DET.*""] [lemma_lc=""journée""] [lemma_lc=""noir""]";1;60;fr;k;special_concepts_world;culture;folk_belief;436;0.04;11444973582;noun_idiom;Vol_II;‘a day full of failures or disasters, when something very sad or unpleasant happens’;
k20fr;k20;jusqu’au dernier souffle;"[lemma_lc=""jusque""] [tag=""PRP:det.*""] [lemma_lc=""dernier""] [lemma_lc=""souffle""]";1;53;fr;k;special_concepts_world;culture;birth_and_death;828;0.07;11444973582;adverbial_idiom;Vol_II;‘to the utmost, until the very end’;
k21fr;k21;creuser sa (propre) tombe/fosse;"[tag=""DET.POS.*""] [lemma_lc=""propre""]? [lemma_lc=""tombe|fosse""] context [lemma=""creuser""] (-5..5,-KWIC)";1;61;fr;k;special_concepts_world;culture;birth_and_death;2404;0.21;11444973582;verb_idiom;Vol_II;‘to put oneself in a difficult situation by doing something wrong or making foolish mistakes, to bring about one’s own ruin or downfall and seriously harm oneself’;
k23fr;k23;se retourner dans sa tombe/ il se retournerait dans sa tombe;"[tag=""(NOM|NAM)"" | tag=""DET:POS""] [lemma_lc=""tombe""] context [lemma=""se""] (-5..5,-KWIC) context [lemma=""retourner""] (-5..5,-KWIC) context [lemma=""dans""] (-5..5,-KWIC)";1;57;fr;k;special_concepts_world;culture;birth_and_death;3970;0.35;11444973582;sentence_idiom;Vol_II;‘someone (a dead person) would be very angry or upset about something which is happening now, if they were still alive to experience it’;
m03fr;m03;le revers de la médaille;"[tag=""DET.*""] [lemma_lc=""revers""] [lemma_lc=""de""] [lemma_lc=""le""] [lemma_lc=""médaille""]";1;55;fr;m;material_culture_money_living;culture;money_trade_commerce;4029;0.35;11444973582;noun_idiom;Vol_II;"‘a completely different and perhaps contradictory aspect or attitude of a subject or situation; one of two differing views, showing the disadvantages of something that is actually advantageous’";
m04fr;m04;à tout prix;"[lc=""à""] [lc=""tout""] [lc=""prix""]";0;NA;fr;m;material_culture_money_living;culture;money_trade_commerce;88571;7.74;11444973582;adverbial_idiom;Vol_II;‘under all circumstances, at any rate, regardless of the costs and other disadvantages’;
m13fr;m13;mettre tous ses/les oeufs dans le même panier;"[lemma_lc=""tout""] [tag=""DET:POS""] [lemma_lc=""œuf""] [lemma=""dans""] [lemma_lc=""le""] [lemma=""même""] [lemma_lc=""panier""] context [lemma=""mettre""] (-5..5,-KWIC)";0;NA;fr;m;material_culture_money_living;culture;food_clothing_housing;1397;0.12;11444973582;verb_idiom;Vol_II;‘to stake everything on one chance, to invest all one’s money, effort, trust, etc. in one thing, without dispersing one’s risks, so that if it is not successful, one has no other chance’;ti have a score to settle with someone 
m20fr;m20;perdre le fil (de ses pensées);"[tag=""DET.*""] [lemma_lc=""fil""] [lemma_lc=""de""]? [tag=""DET.*""]? [lemma_lc=""pensée""]? context [lemma=""perdre""] (-5..5,-KWIC) Hide sub-hits ";1;52;fr;m;material_culture_money_living;culture;food_clothing_housing;8400;0.73;11444973582;verb_idiom;Vol_II;‘to get confused or forget what one wants to say, especially if it is long and complicated, to lose the train of thought’;
m21fr;m21;parler à un mur;"[lemma_lc=""à""] [tag=""DET.*""] [lemma_lc=""mur""] context [lemma=""parler""] (-5..5,-KWIC)";0;NA;fr;m;material_culture_money_living;culture;food_clothing_housing;654;0.06;11444973582;verb_idiom;Vol_II;to unsuccessfully try to persuade or reason with someone’;
n01fr;n01;(être pris) entre deux feux;"[lemma_lc=""entre""] [lemma_lc=""deux""] [lemma_lc=""feu""]";1;51;fr;n;forces_of_nature;natural_phenomena;natural_forces_and_weather;2493;0.22;11444973582;verb_idiom;Vol_II;"‘to be confronted by two equally threatening dangers, pressed from two sides simultaneously; to have a dilemma, to be involved in a conflict without the possibility of choosing one of two sides’";
n03fr;n03;maintenir/garder la tête hors de l’eau;"[tag=""DET.*""] [lemma_lc=""tête""] [lemma_lc=""hors""] [lemma_lc=""de""] [tag=""DET.*""] [lemma_lc=""eau""] context [lemma=""maintenir|garder""] (-5..5,-KWIC)";1;48;fr;n;forces_of_nature;natural_phenomena;natural_forces_and_weather;1547;0.14;11444973582;verb_idiom;Vol_II;"‘to stay out of trouble, especially out of financial difficulties, to keep away from insolvency; to efficiently fight for survival, to avoid being overwhelmed by one’s tasks or commitments’";
n08fr;n08;comme un coup de tonnerre (dans un ciel serein);"[lemma_lc=""comme""] [tag=""DET.*""] [lemma_lc=""coup""] [lemma_lc=""de""] [lemma_lc=""tonnerre""] [lemma_lc=""dans""]? [tag=""DET.*""]? [lemma_lc=""ciel""]? [lemma_lc=""serein""]? Hide sub-hits ";1;54;fr;n;forces_of_nature;natural_phenomena;natural_forces_and_weather;863;0.08;11444973582;adverbial_idiom;Vol_II;‘completely surprising, without warning or preparation, totally unexpectedly (especially of negative events, shattering news, etc.)’;"“like a thunderclap (in a clear sky)"""
n11fr;n11;la calme avant la tempête;"[lemma_lc=""calme""] [lemma_lc=""avant""] [lemma_lc=""le""] [lemma=""tempête""]";1;54;fr;n;forces_of_nature;natural_phenomena;natural_forces_and_weather;1840;0.16;11444973582;noun_idiom;Vol_II;‘a peaceful and quiet period before a period of trouble or activity’;
n18fr;n18;sortir de terre/pousser comme un champignon/comme des champignons ;"[lemma_lc=""de""]? [lemma_lc=""terre""]? [lemma_lc=""comme""] [tag=""DET.*""] [lemma_lc=""champignon""] context [lemma=""sortir|pousser""] (-5..5,-KWIC) Hide sub-hits ";1;48;fr;n;forces_of_nature;natural_phenomena;plants_animals_animal_behaviour;381;0.03;11444973582;verb_idiom;Vol_II;"to grow rapidly; to suddenly come into existence in great numbers’"; “to come out of earth/to sprout like a mushroom/like mushrooms”
n26fr;n26;mourir/crever/tomber comme des mouches;"[lemma_lc=""comme""] [tag=""DET.*"" | lc=""des""] [lemma_lc=""mouche""] context [lemma=""mourir|crever|tomber""] (-5..5,-KWIC)";1;48;fr;n;forces_of_nature;natural_phenomena;plants_animals_animal_behaviour;2306;0.2;11444973582;verb_idiom;Vol_II;‘to rapidly collapse, die, or drop out in great numbers within a short period of time, usually for the same reason (referring to a group rather than an individual)’;
o01fr;o01;tuer le temps;"[lemma_lc=""tuer""] [tag=""DET.*""] [lemma_lc=""temps""]";1;57;fr;o;time_space;natural_phenomena;time_day_and_hour;4700;0.41;11444973582;verb_idiom;Vol_II;‘to spend one’s time aimlessly, with useless, unimportant activities while one is waiting for time to pass, in order to escape boredom’;
o04fr;o04;maintenant ou jamais;"[lemma_lc=""maintenant""] [lemma_lc=""ou""] [lemma_lc=""jamais""]";1;53;fr;o;time_space;natural_phenomena;time_day_and_hour;2346;0.2;11444973582;adverbial_idiom;Vol_II;"‘(used as exclamation to express urgency): let us seize on the opportunity now; it must be done now or not at all’";
o11fr;o11;ses jours sont comptés / les jours de qqn. sont comptés;"[lc=""jours""] [lemma_lc=""de""]? []? []? []? [lemma_lc=""être""] [lemma_lc=""compter""] Hide sub-hits ";1;55;fr;o;time_space;natural_phenomena;time_day_and_hour;3078;0.27;11444973582;sentence_idiom;Vol_II;"‘someone will not stay alive for very long, is approaching the end of his/her life or existence; someone will not survive or remain in a particular position for much longer’";
o12fr;o12;la dernière heure de qqn. est venue/est arrivée/a sonné;"[tag=""DET.*""] [lemma_lc=""dernier""] [lemma_lc=""heure""] context [lemma=""venir|arriver|sonner""] (-5..5,-KWIC)";1;52;fr;o;time_space;natural_phenomena;time_day_and_hour;1736;0.15;11444973582;sentence_idiom;Vol_II;"‘someone’s death is very close; someone must die’";
o13fr;o13;aller son propre chemin / suivre son propre chemin;"[tag=""DET:POS""] [lemma_lc=""propre""] [lemma_lc=""chemin""] filter [lemma_lc=""aller|suivre""] (-1:s..1:s,+KWIC)";1;52;fr;o;time_space;natural_phenomena;spatial_extent_distance_resistance ;1301;0.11;11444973582;verb_idiom;Vol_II;"‘to become completely independent and self-reliant; to follow one’s inclinations, especially differing from what others are doing’";"Only use context ""2"" because ""aller"" is a frequent verb."
o20fr;o20;claquer/fermer la porte au nez de/à qqn.;"[lemma_lc=""le""] [lemma_lc=""porte""] [tag=""PRP:det""] [lemma_lc=""nez""] [lemma_lc=""de"" | tag=""PRP:det"" | lemma_lc=""à""] context [lemma=""fermer|claquer""] (-5..5,-KWIC)";1;53;fr;o;time_space;natural_phenomena;spatial_extent_distance_resistance ;511;0.04;11444973582;verb_idiom;Vol_II;‘to reject someone harshly, to refuse to talk to someone and terminate any further negotiations’;
p01fr;p01;tirer son chapeau à qqn.;"[tag=""DET.*""] [lemma_lc=""chapeau""] context [lemma=""tirer""] (-10..10,-KWIC) context [lemma=""à|au|aux""] (-10..10,-KWIC)";1;59;fr;p;gestures_postures_facial_expressions;culture;semiotized_gestures;3556;0.31;11444973582;verb_idiom;Vol_II;‘to have great respect for someone and express one’s admiration for their ability or achievement’;
p02fr;p02;(se) retrousser les manches  (de chemise)/retrousser ses manches;"[tag=""DET.*""] [lemma=""manche""] context [lemma_lc=""retrousser""] (-5..5,-KWIC)";1;67;fr;p;gestures_postures_facial_expressions;culture;semiotized_gestures;8932;0.78;11444973582;verb_idiom;Vol_II;"‘to be ready and willing to set about hard work; to prepare oneself for a difficult task";
p05fr;p05;montrer/désigner/pointer du doigt à qqn.;"[tag=""PRP:det""] [lemma_lc=""doigt""] [lemma_lc=""à|au|aux""]? context [lemma=""montrer|désigner|pointer""] (-5..5,-KWIC) Hide sub-hits ";1;NA;fr;p;gestures_postures_facial_expressions;culture;semiotized_gestures;60126;5.52;11444973582;verb_idiom;Vol_II;"‘to blame someone for a mistake or blunder they have made; to identify someone as the guilty person, to denounce them in public for their behavior’";""" Montrer qch du doigt"" is the more common idiomatic contruction according to dictionaries. "
p09fr;p09;tourner le dos à qqn./qqc.;"[tag=""DET.*""] [lemma_lc=""dos""] context [lemma=""tourner""] (-5..5,-KWIC) context [lemma=""à""] (-5..5,-KWIC)";1;62;fr;p;gestures_postures_facial_expressions;culture;semiotized_gestures;22723;1.99;11444973582;verb_idiom;Vol_II;"‘to turn away from someone, something; to refuse to help someone; to stop being involved in something; to forsake or abandon someone, something’";
p10fr;p10;accueillir/recevoir qqn. à bras ouverts;"[lemma_lc=""à""] [lemma_lc=""bras""] [lemma_lc=""ouvert""] context [lemma=""accueillir|recevoir""] (-5..5,-KWIC)";1;57;fr;p;gestures_postures_facial_expressions;culture;semiotized_gestures;2725;0.24;11444973582;verb_idiom;Vol_II;"‘to accept, greet with great willingness; to show that one is very happy to see or meet someone or to have them as part of their group etc.’";
p17fr;p17;fourrer/mettre son nez dans qqc;"[tag=""DET.*""] [lemma_lc=""nez""] [lemma_lc=""dans""] context [lemma=""fourrer|mettre""] (-5..5,-KWIC)";1;56;fr;p;gestures_postures_facial_expressions;culture;facial expressions/body postures ;5819;0.51;11444973582;verb_idiom;Vol_II;"‘to meddle curiously in other persons’ affairs; to take an inquisitive interest in things that do not concern oneself and become absorbed in it’";
r01fr;r01;(se mettre)/serrer la ceinture;"[tag=""DET.*""] [lemma_lc=""ceinture""] context [lemma=""serrer""] (-5..5,-KWIC)";1;52;fr;r;physical_reactions_sensations;natural_phenomena;bodily_reactions;8416;0.74;11444973582;verb_idiom;Vol_II;"‘to make economies, live frugally and use fewer resources when food or money is scarce; to start in earnest on an activity; to make financialsacrifices or cut back on spending´";"leave out ""mettre"": is more used in a literal sense"
r03fr;r03;en un clin d’oeil  / rapide comme un clignement d’œil ;"[lemma_lc=""rapide""]? [lemma_lc=""en|comme""] [tag=""DET.*""] [lemma_lc=""clin|clignement""] [lemma_lc=""de""] [lemma_lc=""œil""] Hide sub-hits ";1;50;fr;r;physical_reactions_sensations;natural_phenomena;bodily_reactions;13893;1.21;11444973582;adverbial_idiom;Vol_II;‘in an instant, in a very short time, surprisingly quickly’;“in a wink of eye”, “quick as a winking of eye”
r08fr;r08;avoir les pieds sur terre;"[lemma_lc=""le""] [lemma_lc=""pied""] [lemma_lc=""sur""] [lemma_lc=""terre""] context [lemma=""avoir""] (-5..-1)";0;NA;fr;r;physical_reactions_sensations;natural_phenomena;bodily_reactions;3536;0.31;11444973582;verb_idiom;Vol_II;"‘to have a sensible and practical attitude to life; to be able to cope with life, to be free from fanciful, impractical ideas’";probably also literal occurences, only left context because verbs are frequent.
r09fr;r09;verser du sel sur les plaies;"[tag=""PRP:det""] [lemma_lc=""sel""] [lemma_lc=""sur""] [tag=""DET.*""] [lemma_lc=""plaie""]";0;NA;fr;r;physical_reactions_sensations;natural_phenomena;pain_and_sorrow;116;0.01;11444973582;verb_idiom;Vol_II;"‘to intentionally increase someone’s pain or shame; to make a difficult situation even worse for someone; to add deliberately to someone’s misery’";
r17fr;r17;du baume au cœur;"[tag=""PRP:det""] [lemma_lc=""baume""] [tag=""PRP:det""] [lemma_lc=""cœur""]";0;NA;fr;r;physical_reactions_sensations;natural_phenomena;pain_and_sorrow;4960;0.43;11444973582;verb_idiom;Vol_II;‘something felt to be pleasant, healing and soothing, if one is in an emotional depth’;
r18fr;r18;(c’est) trop beau pour être vrai;"[lemma_lc=""trop""] [lemma_lc=""beau""] [lemma_lc=""pour""] [lc=""être|etre""] [lemma_lc=""vrai""]";0;NA;fr;r;physical_reactions_sensations;natural_phenomena;pain_and_sorrow;4700;0.41;11444973582;verb_idiom;Vol_II;"‘this is so good or excellent that it defies belief, there is no way it could be true; it exceeds all expectations but probably cannot be realized’";"leave out ""c'est"""
s03fr;s03;avoir un coeur d’or;"[lemma_lc=""cœur""] [lemma_lc=""de""] [lemma_lc=""or""]";1;48;fr;s;human_body;natural_phenomena;heart_head_nerves_skin;3112;0.27;11444973582;noun_idiom;Vol_II;"‘to have a good and generous character; to be a friendly, helpful, forgiving person whose qualities are much appreciated’";changed from verb idiom to noun idiom 
s04fr;s04;perdre la tête;"[lemma_lc=""perdre""] [lemma_lc=""le""] [lemma_lc=""tête""]";1;60;fr;s;human_body;natural_phenomena;heart_head_nerves_skin;13087;1.14;11444973582;verb_idiom;Vol_II;‘to lose one’s power of reasoning, to become so excited or confused that one gets into a panic and behaves irrationally’;
s06fr;s06;taper sur les nerfs à qqn. /donner sur les nerfs de qqn. ;"[lemma_lc=""sur""] [lemma_lc=""le""] [lemma_lc=""nerf""] [lemma_lc=""de|à""] context [lemma=""donner|taper""] (-5..-1)";1;60;fr;s;human_body;natural_phenomena;heart_head_nerves_skin;461;0.04;11444973582;verb_idiom;Vol_II;"‘to annoy or disturb someone constantly; to exasperate someone by the repetition of some irritating action; to be a nuisance’";“to type on the nerves to sb.”, “to give on sb.’s nerves”
s07fr;s07;sauver sa (propre) peau;"[tag=""DET:POS"" | tag=""(NOM|NAM)""] [lemma_lc=""propre""]? [lemma=""peau""] context [lemma=""sauver""] (-5..-1)";1;53;fr;s;human_body;natural_phenomena;heart_head_nerves_skin;7887;0.69;11444973582;verb_idiom;Vol_II;"‘to protect oneself from danger or difficulties, without worrying about other people; to escape from a disagreeable predicament’";"added ""propre"""
s10fr;s10;avoir les mains liées / les mains sont liées à qqn.;"([tag=""DET.*""] [lemma_lc=""main""] [lemma_lc=""lier""] ) | ([tag=""DET.*""] [lemma_lc=""main""] [lemma_lc=""être""] [lemma_lc=""lier""] [lemma_lc=""à""] )";1;48;fr;s;human_body;natural_phenomena;hands_and_face_parts;2034;0.18;11444973582;verb_idiom;Vol_II;"‘to be unable to act because of some restrictions or hindrances; to have obligations which severely restrict one’s actions and freedom’";
s12fr;s12;à l’oeil nu;"[lemma_lc=""à""] [lemma_lc=""le""]? [lemma_lc=""œil""] [lemma_lc=""nu""]";0;NA;fr;s;human_body;natural_phenomena;hands_and_face_parts;12802;1.12;11444973582;adverbial_idiom;Vol_II;‘(to see something) without using any artificial help, without an optical ninstrument such as binoculars, microscope or telescope’;
a16ge;a16;das/ein kleinere Übel;"[tag=""ART.*""] [lemma_lc=""klein"" & tag=""ADJA.Comp.*""] [lemma_lc=""Übel""]";1;49;ge;a;ancient_sources;intertextuality;proverbial_phrases_antiquity;8280;0.42;19808173163;noun_idiom;Vol_I;"‘the somewhat less unpleasant of two poor choices; the option with the smaller disadvantage’";
a17ge;a17;die Würfel sind gefallen;"[lc=""die""] [lc=""Würfel""] [lc=""sind""] [lc=""gefallen""]";1;49;ge;a;ancient_sources;intertextuality;proverbial_phrases_antiquity;1851;0.09;19808173163;sentence_idiom;Vol_I;"‘an important decision about the future has been made or something important has happened, and there is no turning back; an irrevocable step has been taken’";"Very fixed expression, therefor choose ""word"" instead of lemma"
a20ge;a20;Öl ins Feuer gießen;"[lemma_lc=""Öl""] [lemma_lc=""in""] [lemma_lc=""Feuer""] context [lemma=""gießen""] (-10..10,-KWIC)";1;59;ge;a;ancient_sources;intertextuality;proverbial_phrases_antiquity;5135;0.26;19808173163;verb_idiom;Vol_I;‘to make a difficult situation even worse, exaggerating a conflict, to aggravate someone’s rage’;"When using only ""Öl ins feuer, there were variants such as ""schüttete"". "
b03ge;b03;im Schweiße seines Angesichts;"[lemma_lc=""in""] [lemma_lc=""Schweiß""] [tag=""PRO.Poss.*"" | tag=""N.Poss.*""] [lemma_lc=""Angesicht""]";1;59;ge;b;bible ;intertextuality;old_testament;2332;0.12;19808173163;adverbial_idiom;Vol_I;"‘by very hard work, either physical or mental; very toilsome; with the greatest effort’";
b08ge;b08;das schwarze Schaf (in der Familie);"[tag=""ART.*""] [lemma_lc=""schwarz""] [lemma_lc=""Schaf""] [lemma_lc=""in""]? [lemma_lc=""der""]? [lemma_lc=""Familie""]? Hide sub-hits ";1;49;ge;b;bible ;intertextuality;old_testament;9786;0.49;19808173163;noun_idiom;Vol_I;"‘an odd or disreputable member of a group; someone who is very different from the rest of his/her family, group or society and considered worthless by them because s/he is less successful or more contemptible than the rest’";
b20ge;b20;seine Hände in Unschuld waschen;"[tag=""PRO\.Poss.*""] [lemma_lc=""Hand""] [lemma_lc=""in""] [lemma_lc=""Unschuld""] context [lemma=""waschen""] (-10..10,-KWIC)
";1;54;ge;b;bible ;intertextuality;old_and_new_testament;1907;0.1;19808173163;verb_idiom;Vol_I;"to absolve oneself from responsibility; to declare that one no longer wishes to be involved in a matter and will therefore not be implicated in the outcome of events; to refuse to take any further part in an endeavor’";
b23ge;b23;jmdn. unter seine Fittiche nehmen ;"[tag=""N.*""] [lemma_lc=""unter""] [tag=""N.*"" | tag=""PRO\..*""] [lemma_lc=""Fittich""] context [lemma=""nehmen""] (-10..10,-KWIC)";1;62;ge;b;bible ;intertextuality;old_and_new_testament;3294;0.17;19808173163;verb_idiom;Vol_I;"‘to help and protect someone, especially someone who is younger or less experienced; to provide someone with friendly encouragement or protection’";
b29ge;b29;die Spreu vom Weizen trennen;"[tag=""ART.*""] [lemma_lc=""Spreu""] [lemma_lc=""von""] [lemma_lc=""Weizen""] context [lemma=""trennen""] (-10..10,-KWIC)";1;52;ge;b;bible ;intertextuality;new_testament;12429;0.63;19808173163;verb_idiom;Vol_I;‘to decide which things or people in a group are good or necessary, and which are not, to distinguish valuable from worthless’;
b34ge;b34;auf Sand bauen/gebaut haben;" [lemma_lc=""auf""] [lemma_lc=""Sand""] context [lemma=""bauen""] (-10..10,-KWIC)";1;52;ge;b;bible ;intertextuality;new_testament;3275;0.17;19808173163;verb_idiom;Vol_I;‘to have no secure foundation and therefore to be likely to collapse or come to an end’;
c14ge;c14;sich die Haare raufen;"[tag=""ART.*""] [lemma_lc=""Haar""] context [lemma=""raufen""] (-5..5,-KWIC)";1;62;ge;c;ancient_sources;intertextuality;ancient_textual_sources_and_other_sources;4640;0.23;19808173163;verb_idiom;Vol_I;"‘to be unbearably frustrated or worried about something; to show extreme desperation, to be in deep despair; to be horrified’";
c25ge;c25;Tag und Nacht;"[lc=""Tag""] [lc=""und""] [lc=""Nacht""]";1;69;ge;c;ancient_sources;intertextuality;ancient_textual_sources_and_other_sources;76828;3.88;19808173163;adverbial_idiom;Vol_I;"‘all the time; around the clock, continually, perpetually’";
c26ge;c26;von Kopf bis Fuß;"[lemma_lc=""von""] [lemma_lc=""Kopf""] [lemma_lc=""bis""] [lemma_lc=""Fuß""]";1;62;ge;c;ancient_sources;intertextuality;ancient_textual_sources_and_other_sources;20584;1.04;19808173163;adverbial_idiom;Vol_I;"‘1. from top to bottom; the whole of someone’s body; 2. completely, totally; through and through’";
e03ge;e03;den Stier bei den Hörnern packen/ fassen;"[tag=""ART.*""] [lemma_lc=""Stier""] [lemma_lc=""bei""] [tag=""ART.*"" | tag=""PRO\..*""] [lemma_lc=""Horn""] context [lemma=""packen|fassen""] (-10..10,-KWIC)";1;55;ge;e;proverbs;intertextuality;medieval_proverb_collections;560;0.03;19808173163;verb_idiom;Vol_I;"‘to deal fearlessly with a problem; to act decisively and with determination in order to deal with a difficult situation’";
e05ge;e05;die Katze im Sack kaufen;"[lemma_lc=""Katze""] [lemma_lc=""in""] [lemma_lc=""Sack""] context [lemma=""kaufen""] (-10..10,-KWIC)";1;48;ge;e;proverbs;intertextuality;medieval_proverb_collections;6508;0.33;19808173163;verb_idiom;Vol_I;"‘to buy or accept something without inspecting or thinking about it carefully first; with the result that one gets something that one does not want; to make an uninformed decision’";
e09ge;e09;mit dem Kopf durch die Wand (rennen/laufen/gehen) wollen;"[lemma_lc=""mit""]? [tag=""ART.*""]? [lemma_lc=""Kopf""] [lemma_lc=""durch""] [tag=""ART.*""]? [lemma_lc=""Wand""] context [lemma=""rennen|laufen|gehen|wollen""] (-10..10,-KWIC) Hide sub-hits ";1;50;ge;e;proverbs;intertextuality;medieval_proverb_illustrations;2429;0.12;19808173163;verb_idiom;Vol_I;"‘to waste one’s time and energy attempting the impossible and get
frustrated by doing so; to make fruitless endeavors in a hopeless enterprise (even using force)’";
e10ge;e10;bis an die Zähne bewaffnet (sein);"[lemma_lc=""bis""] [lemma_lc=""an""] [lemma_lc=""die""] [lemma_lc=""Zahn""] context [lemma=""bewaffnen""] (-10..10,-KWIC)";1;46;ge;e;proverbs;intertextuality;medieval_proverb_illustrations ;1276;0.06;19808173163;verb_idiom;Vol_I;"‘to possess a lot of weapons or any effective weapon; to be overly well equipped or prepared’";
e17ge;e17;zum einen Ohr hinein, zum anderen (wieder) hinausgehen;"[lc=""zum""] [lc=""einen""] [lemma_lc=""Ohr""] [lemma_lc=""hinein"" | lemma_lc=""rein""]";1;48;ge;e;proverbs;intertextuality;medieval_literary_texts;402;0.02;19808173163;verb_idiom;Vol_I;"‘(of advice, instructions, etc.) to be heard without making any lasting impression on the listener; to be utterly ignored and unheeded, not to be taken note of intentionally’";
e21ge;e21;mit dem Feuer spielen,;"[lemma_lc=""mit""] [tag=""ART.*""]? [lemma_lc=""Feuer""] context [lemma=""spielen""] (-10..10,-KWIC)";1;64;ge;e;proverbs;intertextuality;medieval_literary_texts;4396;0.22;19808173163;verb_idiom;Vol_I;‘to take needless risks in a situation that one knows is dangerous, to meddle with something that is potentially dangerous or harmful’;
f05ge;f05;die Höhle des Löwen ;"[tag=""ART.*""] [lemma_lc=""Höhle""] [tag=""ART.*""] [lemma_lc=""Löwe""]";0;NA;ge;f;fables_folk_narratives;intertextuality;aesopic_types ;3376;0.17;19808173163;verb_idiom;Vol_I;"‘to expose oneself to great danger by entering an opponent’s territory; to go and see someone who has power or authority over you and tell them what you want or why you disagree with them’";"only use noun idiom ""lion's den"" The verb can be varies and otherwise frequency in English is less 0.01."
f08ge;f08;im Trüben fischen;"[lc=""im""] [lc=""trüben""] context [lemma=""fischen""] (-10..10,-KWIC)";1;51;ge;f;fables_folk_narratives;intertextuality;aesopic_types ;1927;0.1;19808173163;verb_idiom;Vol_I;‘to try to take advantage of a confused situation, to make capital out of someone else’s misfortune using dubious methods’;“to fish in the muddy”
f14ge;f14;eine (Steck)nadel im Heuhaufen (suchen);"[tag=""ART.*""] [lemma_lc=""Nadel"" | lemma_lc=""Stecknadel""] [lemma_lc=""in""] [lemma_lc=""Heuhaufen""] context [lemma=""suchen""] (-10..10,-KWIC)";1;60;ge;f;fables_folk_narratives;intertextuality;jests_and_comical tales;1172;0.06;19808173163;verb_idiom;Vol_I;"‘to try to find something very small that is lost among many other
things; to look for something that is impossible to find; to be bothered with searching without any prospect of success’";
f24ge;f24;wie Hund und Katz(e) leben/sein;"[lemma_lc=""wie""] [lemma_lc=""hund""] [lemma_lc=""und""] [lemma_lc=""Katz |Katze""] context [lemma=""leben|sein""] (-2..2,-KWIC)";1;68;ge;f;fables_folk_narratives;intertextuality;animal_tales;220;0.01;19808173163;verb_idiom;Vol_I;"‘(of two people who know each other well) to frequently have violent
arguments with each other, to keep quarrelling and get very angry with each other most of the time’";For F take 2 from each source (Animal tales, aesopic fables, jests) leave out fairy tales because they are not used in many languages French not very common  
f25ge;f25;Katz und Maus spielen mit jmdm;"[lemma_lc=""Katz(e)?""] [lemma_lc=""und""] [lc=""Maus""] context [lemma=""spielen""] (-10..10,-KWIC) context [lemma=""mit""] (-10..10,-KWIC)";1;54;ge;f;fables_folk_narratives;intertextuality;animal_tales;2282;0.12;19808173163;verb_idiom;Vol_I;"‘to stall someone off, letting him/her wait for a (negative) decision; to alternate harshness and leniency in one’s treatment of a helpless victim; to manipulate an opponent in a way alternately designed to provoke and spoil him’";leave out mit
f27ge;f27;Krokodilstränen ;"[lemma_lc=""Krokodil(s)?träne""]";1;55;ge;f;fables_folk_narratives;intertextuality;animal_tales;4133;0.21;19808173163;verb_idiom;Vol_I;"‘to show false or pretended sadness, to display insincere grief; to pretend that one is weeping’";"leave out ""weep"" since crocodile tear in itself are idiomatic and in some languages the notion of ""weep "" is not included. The distribution of frequencies was similar "
i01ge;i01;schwarz auf weiß;"lemma_lc=""schwarz"" & tag=""ADJ.*""] [lemma_lc=""auf""] [lemma_lc=""weiß"" & tag=""ADJ.*""]";1;61;ge;i;intellectual_technical_achievements;culture;writing_reading;10860;0.55;19808173163;adverbial_idiom;Vol_II;"‘1. reduced to writing; written down or in print, and therefore official; written proof of something; 2. written down or in print, and therefore very clear, in a comprehensive manner’";"word_lc because of different inflections in ""weiß"" weiße"
i03ge;i03;zwischen den Zeilen lesen;"[lemma_lc=""zwischen""] [lemma_lc=""die""] [lemma_lc=""Zeile""] context [lemma=""lesen""] (-10..10,-KWIC)";1;58;ge;i;intellectual_technical_achievements;culture;writing_reading;10626;0.54;19808173163;verb_idiom;Vol_II;"‘to understand or deduce the real meaning of something; to perceive a hidden message or additional information, even though it is not stated explicitly’";
i05ge;i05;etwas an den (fünf) Fingern abzählen können/an einer Hand;"[lemma_lc=""an""] [tag=""ART.*""]? [lemma_lc=""fünf""]? [lemma_lc=""Finger|Hand""] context [lemma=""abzählen""] (-10..10,-KWIC) context [lemma=""können""] (-10..10,-KWIC) Hide sub-hits ";1;52;ge;i;intellectual_technical_achievements;culture;writing_reading;5431;0.27;19808173163;verb_idiom;Vol_II;‘it is a very small number, there are surprisingly few of certain things’;“to be able to count sth. on the (five) fingers”
i09ge;i09;das Rad neu erfinden;"[lc=""das""] [lemma_lc=""Rad"" & tag=""N.*Sg.*""] context [lemma=""neu""] (-10..10,-KWIC) context [lemma=""erfinden""] (-10..10,-KWIC)";0;NA;ge;i;intellectual_technical_achievements;culture;inventions;16032;0.81;19808173163;verb_idiom;Vol_II;"‘to waste time and effort in creating something that already exists orredoing work when it has already been done satisfactorily; to rethink an already working system, method, etc. that has long been accepted and even taken for granted’";
i16ge;i16;jmdm. grünes Licht geben;"[lemma_lc=""grün""] [lemma_lc=""Licht""] context [lemma=""geben""] (-10..10,-KWIC)";1;59;ge;i;intellectual_technical_achievements;culture;inventions;27250;1.38;19808173163;verb_idiom;Vol_II;‘to encourage or allow someone to proceed, to give someone permission to do something that they were planning to do or have asked to do’;
i18ge;i18;auf der gleichen/einer Wellenlänge liegen/sein (mit jmdm.);"[lemma_lc=""auf""] [tag=""ART.*""]? [lemma_lc=""gleich""]? [lemma_lc=""Wellenlänge""] context [lemma=""sein|liegen""] (-5..5,-KWIC)";0;NA;ge;i;intellectual_technical_achievements;culture;inventions;5891;0.3;19808173163;verb_idiom;Vol_II;"‘to have similar ideas, interests, and opinions (to another person’s); to understand each other very well’";
k04ge;k04;der Teufel steckt im Detail;"[lemma_lc=""in""] [lemma_lc=""Detail""] context [lemma=""Teufel""] (-10..10,-KWIC)";0;NA;ge;k;special_concepts_world;culture;folk_belief;7463;0.38;19808173163;sentence_idiom;Vol_II;‘something looks easy to do but to carry it out proves much more difficultdue to small details that are overlooked and can cause serious problems’;
k10ge;k10;die Ironie des Schicksals;"[lemma_lc=""Ironie""] [lemma_lc=""die""] [lemma_lc=""Schicksal""]";0;NA;ge;k;special_concepts_world;culture;folk_belief;4566;0.23;19808173163;noun_idiom;Vol_II;‘a paradoxical constellation that looks as if fate would be involved, a disastrous surprise without clear human intervention (said whensomething is surprisingly different than planned, when the opposite of what one had hoped for occurs)’;
k13ge;k13;ein schwarzer Tag;"[tag=""ART.*""] [lemma_lc=""schwarz""] [lemma_lc=""Tag""]";1;60;ge;k;special_concepts_world;culture;folk_belief;4496;0.23;19808173163;noun_idiom;Vol_II;‘a day full of failures or disasters, when something very sad or unpleasant happens’;
k20ge;k20;bis zum letzten Atemzug;"[lemma_lc=""bis""] [lemma_lc=""zu""] [lc=""letzten""] [lemma_lc=""Atemzug""]";1;53;ge;k;special_concepts_world;culture;birth_and_death;2548;0.13;19808173163;adverbial_idiom;Vol_II;‘to the utmost, until the very end’;
k21ge;k21;sein eigenes Grab schaufeln/ sich selbst sein Grab graben;"[lemma_lc=""eigen""] [lemma_lc=""Grab""] context [lemma=""schaufeln|graben""] (-10..10,-KWIC)";1;61;ge;k;special_concepts_world;culture;birth_and_death;2071;0.1;19808173163;verb_idiom;Vol_II;‘to put oneself in a difficult situation by doing something wrong or making foolish mistakes, to bring about one’s own ruin or downfall and seriously harm oneself’;“to shovel one’s own grave”
k23ge;k23;er/sie würde sich im Grabe umdrehen;"[lemma_lc=""Grab""] context [lemma=""in""] (-10..10,-KWIC) context [lemma=""umdrehen""] (-10..10,-KWIC)";1;57;ge;k;special_concepts_world;culture;birth_and_death;3023;0.15;19808173163;sentence_idiom;Vol_II;‘someone (a dead person) would be very angry or upset about something which is happening now, if they were still alive to experience it’;
m03ge;m03;die Kehrseite der Medaille/die andere Seite der Medaille;"([tag=""ART.*""] [lemma_lc=""Kehrseite""] [lemma_lc=""die""] [lemma_lc=""Medaille""] ) | ([tag=""ART.*""] [lemma_lc=""andere""] [lemma_lc=""Seite""] [lemma_lc=""die""] [lemma_lc=""Medaille""] )";1;55;ge;m;material_culture_money_living;culture;money_trade_commerce;4476;0.23;19808173163;noun_idiom;Vol_II;"‘a completely different and perhaps contradictory aspect or attitude of a subject or situation; one of two differing views, showing the disadvantages of something that is actually advantageous’";
m04ge;m04;zu/um jedem Preis;"[lc=""zu|um""] [lc=""jeden""] [lc=""Preis""]";0;NA;ge;m;material_culture_money_living;culture;money_trade_commerce;53747;2.71;19808173163;adverbial_idiom;Vol_II;‘under all circumstances, at any rate, regardless of the costs and other disadvantages’;"had to add ""um"" as preposition since it is more idiomatic. "
m08ge;m08;eine (wahre) Goldgrube sein;"[tag=""ART.*""] [lemma_lc=""wahr""]? [lemma_lc=""Goldgrube""] context [lemma=""sein""] (-2..2,-KWIC)";0;NA;ge;m;material_culture_money_living;culture;money_trade_commerce;970;0.05;19808173163;verb_idiom;Vol_II;"‘to be a lucrative and inexhaustible source of income, to constantly generate a lot of money; to be a treasure trove, i.e. a source of rich information’";"make ""wahre"" optional"
m13ge;m13;alle (seine) Eier in einen Korb legen;"[lemma_lc=""alle""] [tag=""PRO.Poss.*""]? [lemma_lc=""Ei""] [lemma_lc=""in""] [tag=""ART.Indef.*"" | lemma_lc=""denselben"" | lemma=""den""] [lemma_lc=""selben""]? [lemma_lc=""Korb""] context [lemma=""legen""] (-10..10,-KWIC)";0;NA;ge;m;material_culture_money_living;culture;food_clothing_housing;349;0.02;19808173163;verb_idiom;Vol_II;‘to stake everything on one chance, to invest all one’s money, effort, trust, etc. in one thing, without dispersing one’s risks, so that if it is not successful, one has no other chance’;
m20ge;m20;den Faden verlieren;"[tag=""ART.*""] [lemma_lc=""Faden""] context [lemma=""verlieren""] (-10..10,-KWIC)";1;52;ge;m;material_culture_money_living;culture;food_clothing_housing;15349;0.77;19808173163;verb_idiom;Vol_II;‘to get confused or forget what one wants to say, especially if it is long and complicated, to lose the train of thought’;
m21ge;m21;gegen eine Wand/Mauer reden;"[lemma_lc=""gegen""] [tag=""ART.*""] [lemma_lc=""Mauer"" | lemma_lc=""Wand""] context [lemma=""reden""] (-5..5,-KWIC)";0;NA;ge;m;material_culture_money_living;culture;food_clothing_housing;693;0.03;19808173163;verb_idiom;Vol_II;to unsuccessfully try to persuade or reason with someone’;
n01ge;n01;zwischen zwei Feuer (geraten);"[lemma_lc=""zwischen""] [lemma_lc=""zwei""] [lemma_lc=""Feuer""]";1;51;ge;n;forces_of_nature;natural_phenomena;natural_forces_and_weather;203;0.01;19808173163;verb_idiom;Vol_II;"‘to be confronted by two equally threatening dangers, pressed from two sides simultaneously; to have a dilemma, to be involved in a conflict without the possibility of choosing one of two sides’";
n03ge;n03;den Kopf über Wasser halten;"[tag=""ART.*""] [lemma_lc=""Kopf""] [lemma_lc=""über""] [lemma_lc=""Wasser""] context [lemma=""halten""] (-10..10,-KWIC)";1;48;ge;n;forces_of_nature;natural_phenomena;natural_forces_and_weather;424;0.02;19808173163;verb_idiom;Vol_II;"‘to stay out of trouble, especially out of financial difficulties, to keep away from insolvency; to efficiently fight for survival, to avoid being overwhelmed by one’s tasks or commitments’";
n08ge;n08;wie ein Blitz aus heiterem Himmel;"[lemma_lc=""wie""] [tag=""ART.*""] [lemma_lc=""Blitz""] [lemma_lc=""aus""] [lemma_lc=""heiter""] [lemma_lc=""Himmel""]";1;54;ge;n;forces_of_nature;natural_phenomena;natural_forces_and_weather;1174;0.06;19808173163;adverbial_idiom;Vol_II;‘completely surprising, without warning or preparation, totally unexpectedly (especially of negative events, shattering news, etc.)’;
n11ge;n11;die Ruhe/Stille vor dem Sturm;"[lemma_lc=""Ruhe|Stille""] [lemma_lc=""vor""] [lemma_lc=""die""] [lemma_lc=""Sturm""]";1;54;ge;n;forces_of_nature;natural_phenomena;natural_forces_and_weather;6189;0.31;19808173163;noun_idiom;Vol_II;‘a peaceful and quiet period before a period of trouble or activity’;
n18ge;n18;wie Pilze aus dem Boden schießen/sprießen;"[lemma_lc=""wie""] [lemma_lc=""Pilz""] [lemma_lc=""aus""] [lemma_lc=""die""] [lemma_lc=""Boden""] context [lemma=""schießen|sprießen""] (-10..10,-KWIC)";1;48;ge;n;forces_of_nature;natural_phenomena;plants_animals_animal_behaviour;8133;0.41;19808173163;verb_idiom;Vol_II;"to grow rapidly; to suddenly come into existence in great numbers’";"added ""sprießen"" https://www.redensarten-index.de/suche.php?suchbegriff=pilze+aus+dem+boden&bool=relevanz&gawoe=an&sp0=rart_ou&sp1=rart_varianten_ou"
n26ge;n26;wie die Fliegen sterben/umfallen;"[lemma_lc=""wie""] [lemma_lc=""die""]? [lemma_lc=""Fliege""] context [lemma=""sterben|umfallen""] (-10..10,-KWIC)";1;48;ge;n;forces_of_nature;natural_phenomena;plants_animals_animal_behaviour;1099;0.06;19808173163;verb_idiom;Vol_II;‘to rapidly collapse, die, or drop out in great numbers within a short period of time, usually for the same reason (referring to a group rather than an individual)’;
o01ge;o01;die Zeit totschlagen;"([lemma_lc=""Zeit""] [lemma_lc=""totschlagen""] ) | ([lemma_lc=""schlagen""] [lemma_lc=""Zeit""] [lemma_lc=""tot""] )";1;57;ge;o;time_space;natural_phenomena;time_day_and_hour;3282;0.17;19808173163;verb_idiom;Vol_II;‘to spend one’s time aimlessly, with useless, unimportant activities while one is waiting for time to pass, in order to escape boredom’;Problem with Partcile verb solved within CQL
o04ge;o04;jetzt oder nie;"[lemma_lc=""jetzt""] [lemma_lc=""oder""] [lemma_lc=""nie""]";1;53;ge;o;time_space;natural_phenomena;time_day_and_hour;4717;0.24;19808173163;adverbial_idiom;Vol_II;"‘(used as exclamation to express urgency): let us seize on the opportunity now; it must be done now or not at all’";
o11ge;o11;jmds. Tage sind gezählt;"([lc=""Tage""] []? []? []? [lemma_lc=""sein""] [lemma_lc=""zählen""] ) | ([lc=""Tage""] []? []? []? [lemma_lc=""zählen""] [lemma_lc=""sein""] )";1;55;ge;o;time_space;natural_phenomena;time_day_and_hour;3996;0.2;19808173163;sentence_idiom;Vol_II;"‘someone will not stay alive for very long, is approaching the end of his/her life or existence; someone will not survive or remain in a particular position for much longer’";
o12ge;o12;jmds. letzte Stunde/letztes Stündlein  ist gekommen/hat geschlagen;"[lc=""letzte|letztes""] [lemma_lc=""Stunde|Stündlein""] context [lemma=""schlagen|kommen""] (-10..10,-KWIC)";1;52;ge;o;time_space;natural_phenomena;time_day_and_hour;2462;0.12;19808173163;sentence_idiom;Vol_II;"‘someone’s death is very close; someone must die’";
o13ge;o13;seinen eigenen Weg gehen;"[tag=""PRO.Poss.*""] [lemma_lc=""eigen""] [lemma_lc=""Weg""] filter gehen (-1:s..1:s,+KWIC)";1;52;ge;o;time_space;natural_phenomena;spatial_extent_distance_resistance ;20091;1.01;19808173163;verb_idiom;Vol_II;"‘to become completely independent and self-reliant; to follow one’s inclinations, especially differing from what others are doing’";
o20ge;o20;jmdm. die Tür vor der Nase zuschlagen;"[lemma_lc=""Tür(e)?""] [lemma_lc=""vor""] [tag=""ART.*"" | tag=""PRO\..*""] [lemma_lc=""Nase""] context [lemma=""zuschlagen|schlagen""] (-10..10,-KWIC)";1;53;ge;o;time_space;natural_phenomena;spatial_extent_distance_resistance ;1266;0.06;19808173163;verb_idiom;Vol_II;‘to reject someone harshly, to refuse to talk to someone and terminate any further negotiations’;
p01ge;p01;vor jmdm. den Hut ziehen;"[tag=""ART.*""] [lemma_lc=""Hut""] context [lemma=""ziehen""] (-10..10,-KWIC) context [lemma=""vor""] (-10..10,-KWIC)";1;59;ge;p;gestures_postures_facial_expressions;culture;semiotized_gestures;8669;0.44;19808173163;verb_idiom;Vol_II;‘to have great respect for someone and express one’s admiration for their ability or achievement’;
p02ge;p02;die Ärmel hochkrempeln;"[lemma_lc=""Ärmel""] context [lemma=""hochkrempeln|krempeln""] (-10..10,-KWIC)";1;67;ge;p;gestures_postures_facial_expressions;culture;semiotized_gestures;8678;0.44;19808173163;verb_idiom;Vol_II;"‘to be ready and willing to set about hard work; to prepare oneself for a difficult task";
p05ge;p05;mit dem Finger auf jmdn. zeigen;"[lemma_lc=""mit""] [tag=""ART.*""] [lemma_lc=""Finger""] context [lemma=""zeigen""] (-10..10,-KWIC) context [lemma=""auf""] (-10..10,-KWIC)";1;NA;ge;p;gestures_postures_facial_expressions;culture;semiotized_gestures;12840;0.65;19808173163;verb_idiom;Vol_II;"‘to blame someone for a mistake or blunder they have made; to identify someone as the guilty person, to denounce them in public for their behavior’";
p09ge;p09;jmdm./einer Sache den Rücken zukehren;"[lemma_lc=""Rücken""] context [lemma=""kehren|zukehren""] (-10..10,-KWIC)";1;62;ge;p;gestures_postures_facial_expressions;culture;semiotized_gestures;44375;2.24;19808173163;verb_idiom;Vol_II;"‘to turn away from someone, something; to refuse to help someone; to stop being involved in something; to forsake or abandon someone, something’";
p10ge;p10;jmdn. mit offenen Armen aufnehmen/empfangen;"[lemma_lc=""mit""] [lemma_lc=""offen""] [lemma_lc=""Arm""] context [lemma=""aufnehmen|empfangen""] (-10..10,-KWIC)";1;57;ge;p;gestures_postures_facial_expressions;culture;semiotized_gestures;9999;0.5;19808173163;verb_idiom;Vol_II;"‘to accept, greet with great willingness; to show that one is very happy to see or meet someone or to have them as part of their group etc.’";
p17ge;p17;seine Nase in etwas/überall hineinstecken;"[lemma_lc=""stecken""]? [tag=""PRO\..*"" | tag=""ART.*""] [lc=""Nase""] [lemma_lc=""in""] []{,2} [lemma=""überall""]? [lemma_lc=""stecken|hineinstecken|reinstecken|rein|hinein""]";1;56;ge;p;gestures_postures_facial_expressions;culture;facial expressions/body postures ;1397;0.07;19808173163;verb_idiom;Vol_II;"‘to meddle curiously in other persons’ affairs; to take an inquisitive interest in things that do not concern oneself and become absorbed in it’";difficult because of particle, many other usages. 
r01ge;r01;den /seinen Gürtel enger schnallen;"[tag=""ART.*"" | tag=""PRO\..*""] [lemma_lc=""Gürtel""] [lemma_lc=""eng""] context [lemma=""schnallen""] (-10..10,-KWIC)";1;52;ge;r;physical_reactions_sensations;natural_phenomena;bodily_reactions;4354;0.22;19808173163;verb_idiom;Vol_II;"‘to make economies, live frugally and use fewer resources when food or money is scarce; to start in earnest on an activity; to make financialsacrifices or cut back on spending´";
r03ge;r03;in einem Augenblick;"[lemma_lc=""in""] [lemma_lc=""ein|eine""] [lemma_lc=""Augenblick""]";1;50;ge;r;physical_reactions_sensations;natural_phenomena;bodily_reactions;5386;0.27;19808173163;adverbial_idiom;Vol_II;‘in an instant, in a very short time, surprisingly quickly’;"In some languages, this compound is currently no longer perceived
as being semantically irregular; its figurative meaning can be determined at
best due to the etymology. For this reason, some of the terms mentioned below
are not considered as idioms and do not appear in idiom dictionaries. I address
this problem pragmatically, by translating the compounds as literally as possible.
For example, for the German in einem Augenblick—actually translating
as ‘in an instant’—I chose the “etymolo gical” translation “in an eye-glance”;
in this way, the similarities of the imagery (‘rapid movement of the eyelids’)
are apparent. Piirainen 2016, p. 507 "
r08ge;r08;mit beiden Beinen auf der Erde stehen / mit beiden Beinen fest auf dem Boden stehen;"[lemma_lc=""mit""] [lemma_lc=""beide""] [lemma_lc=""Bein""] [lemma_lc=""fest""]? [lemma_lc=""auf""] [lemma_lc=""die""] [lemma_lc=""Boden|Erde""] context [lemma=""stehen""] (-10..10,-KWIC)";0;NA;ge;r;physical_reactions_sensations;natural_phenomena;bodily_reactions;2025;0.1;19808173163;verb_idiom;Vol_II;"‘to have a sensible and practical attitude to life; to be able to cope with life, to be free from fanciful, impractical ideas’";probably also literal occurences
r09ge;r09;Salz auf die/in die Wunde streuen;"[lemma_lc=""Salz""] [lemma_lc=""in|auf""] [tag=""ART.*""] [lemma_lc=""Wunde""]";0;NA;ge;r;physical_reactions_sensations;natural_phenomena;pain_and_sorrow;1088;0.05;19808173163;verb_idiom;Vol_II;"‘to intentionally increase someone’s pain or shame; to make a difficult situation even worse for someone; to add deliberately to someone’s misery’";
r17ge;r17;Balsam für die Seele;"[lemma_lc=""Balsam""] [lemma_lc=""für""] [] [lemma_lc=""Seele""]";0;NA;ge;r;physical_reactions_sensations;natural_phenomena;pain_and_sorrow;6109;0.31;19808173163;verb_idiom;Vol_II;‘something felt to be pleasant, healing and soothing, if one is in an emotional depth’;
r18ge;r18;(das ist) zu schön, um wahr zu sein;"[lemma_lc=""zu""] [lemma_lc=""schön""] [lemma_lc="",""]? [lemma_lc=""um""] [lemma_lc=""wahr""] [lemma_lc=""zu""] [lemma_lc=""sein""]";0;NA;ge;r;physical_reactions_sensations;natural_phenomena;pain_and_sorrow;6347;0.32;19808173163;verb_idiom;Vol_II;"‘this is so good or excellent that it defies belief, there is no way it could be true; it exceeds all expectations but probably cannot be realized’";"leave out ""das ist"""
s03ge;s03;ein goldenes Herz haben/Herz aus Gold haben;"([lemma_lc=""Herz""] [lemma_lc=""aus""] [lemma_lc=""Gold""] ) | ([lemma_lc=""golden""] [lemma_lc=""Herz""] )";1;48;ge;s;human_body;natural_phenomena;heart_head_nerves_skin;2641;0.13;19808173163;noun_idiom;Vol_II;"‘to have a good and generous character; to be a friendly, helpful, forgiving person whose qualities are much appreciated’";changed from verb idiom to noun idiom 
s04ge;s04;den Kopf verlieren;"[lemma_lc=""die""] [lemma_lc=""Kopf""] [lemma_lc=""zu""]? context [lemma=""verlieren""] (-1..1,-KWIC)";1;60;ge;s;human_body;natural_phenomena;heart_head_nerves_skin;2871;0.14;19808173163;verb_idiom;Vol_II;‘to lose one’s power of reasoning, to become so excited or confused that one gets into a panic and behaves irrationally’;
s06ge;s06;jmdm. auf die Nerven gehen;"[tag=""N.*"" | tag=""PRO\..*""] [lemma_lc=""auf""] [lemma_lc=""die""] [lemma_lc=""Nerv""] context [lemma=""gehen""] (-10..10,-KWIC)";1;60;ge;s;human_body;natural_phenomena;heart_head_nerves_skin;13976;0.71;19808173163;verb_idiom;Vol_II;"‘to annoy or disturb someone constantly; to exasperate someone by the repetition of some irritating action; to be a nuisance’";
s07ge;s07;seine/die (eigene) Haut retten;"[tag=""PRO.Poss.*"" | lemma_lc=""die""] [lemma_lc=""eigen""] [lemma_lc=""Haut""] filter retten (-1:s..1:s,+KWIC)";1;53;ge;s;human_body;natural_phenomena;heart_head_nerves_skin;1263;0.06;19808173163;verb_idiom;Vol_II;"‘to protect oneself from danger or difficulties, without worrying about other people; to escape from a disagreeable predicament’";
s10ge;s10;jmdm. Sind die Hände gebunden;"[lemma_lc=""die""] [lemma_lc=""Hand""] [lc=""gebunden""] filter sein (-1:s..1:s,+KWIC)";1;48;ge;s;human_body;natural_phenomena;hands_and_face_parts;7428;0.37;19808173163;verb_idiom;Vol_II;"‘to be unable to act because of some restrictions or hindrances; to have obligations which severely restrict one’s actions and freedom’";
s12ge;s12;mit bloßem Auge;"[lemma_lc=""mit""] [lemma_lc=""bloß""] [lemma_lc=""Auge""]";0;NA;ge;s;human_body;natural_phenomena;hands_and_face_parts;15220;0.77;19808173163;adverbial_idiom;Vol_II;‘(to see something) without using any artificial help, without an optical ninstrument such as binoculars, microscope or telescope’;
a16en;a16;a/the lesser evil  ;" [lemma_lc=""a|the""] [lemma_lc=""lesser""] [lemma_lc=""evil"" & tag=""N.*""]";1;49;en;a;ancient_sources;intertextuality;proverbial_phrases_antiquity;3169;0.12;25825512637;noun_idiom;Vol_I;"‘the somewhat less unpleasant of two poor choices; the option with the smaller disadvantage’";"allow for plural ""evils"" "
a17en;a17;the die /was, has been) is cast  ;"[lc=""the""] [lc=""die""] [lemma_lc=""be|have""] [tag=""VBN""]? [lc=""cast""]";1;49;en;a;ancient_sources;intertextuality;proverbial_phrases_antiquity;1942;0.08;25825512637;sentence_idiom;Vol_I;"‘an important decision about the future has been made or something important has happened, and there is no turning back; an irrevocable step has been taken’";
a20en;a20;to add fuel to the fire/flames  ;"[lemma_lc=""fuel""] [lemma_lc=""to""] [lemma_lc=""the""] [lemma_lc=""fire|flame""] context [lemma=""add""] (-5..5,-KWIC)";1;59;en;a;ancient_sources;intertextuality;proverbial_phrases_antiquity;4275;0.17;25825512637;verb_idiom;Vol_I;‘to make a difficult situation even worse, exaggerating a conflict, to aggravate someone’s rage’;
b03en;b03;by the sweat of one’s brow  ;"[lemma_lc=""by""] [lemma_lc=""the""] [lemma_lc=""sweat""] [lemma_lc=""of""] [tag=""NNZ|NNSZ |CDZ |PPZ|NPZ|NPSZ""] [lemma_lc=""brow""]
";1;59;en;b;bible ;intertextuality;old_testament;856;0.03;25825512637;adverbial_idiom;Vol_I;"‘by very hard work, either physical or mental; very toilsome; with the greatest effort’";
b08en;b08;the black sheep in the family  ;"[tag=""DT""] [lemma_lc=""black""] [lemma_lc=""sheep""] [lemma_lc=""of""]? [lemma_lc=""the""]? [lemma_lc=""family""]? Hide sub-hits ";1;49;en;b;bible ;intertextuality;old_testament;4059;0.16;25825512637;noun_idiom;Vol_I;"‘an odd or disreputable member of a group; someone who is very different from the rest of his/her family, group or society and considered worthless by them because s/he is less successful or more contemptible than the rest’";
b20en;b20;to wash one’s hands of sth.  ;"[tag=""NNZ|NNSZ |CDZ |PPZ|NPZ|NPSZ""] [lemma_lc=""hand""] [lemma_lc=""of""] context [lemma=""wash""] (-5..5,-KWIC)";1;54;en;b;bible ;intertextuality;old_and_new_testament;4319;0.17;25825512637;verb_idiom;Vol_I;"to absolve oneself from responsibility; to declare that one no longer wishes to be involved in a matter and will therefore not be implicated in the outcome of events; to refuse to take any further part in an endeavor’";
b23en;b23;to take sb. under one’s wings  ;" [lemma_lc=""under""] [tag=""N.*"" | tag=""PP.?""] [lemma_lc=""wing""] context [lemma=""take""] (-5..5,-KWIC)";1;62;en;b;bible ;intertextuality;old_and_new_testament;7521;0.29;25825512637;verb_idiom;Vol_I;"‘to help and protect someone, especially someone who is younger or less experienced; to provide someone with friendly encouragement or protection’";
b29en;b29;to separate the wheat/grain from the chaff ;"[lemma_lc=""wheat|grain""] [lemma_lc=""from""] [lemma_lc=""the""]? [lemma_lc=""chaff""] context [lemma=""separate""] (-5..5,-KWIC)";1;52;en;b;bible ;intertextuality;new_testament;2102;0.08;25825512637;verb_idiom;Vol_I;‘to decide which things or people in a group are good or necessary, and which are not, to distinguish valuable from worthless’;
b34en;b34;to build on sand  ;"[lemma_lc=""on""] [lemma_lc=""sand""] context [lemma=""build""] (-5..5,-KWIC)";1;52;en;b;bible ;intertextuality;new_testament;1400;0.05;25825512637;verb_idiom;Vol_I;‘to have no secure foundation and therefore to be likely to collapse or come to an end’;
c14en;c14;to tear/pull one’s hair out  ;"[lemma_lc=""pull|tear""] [tag=""CDZ |PPZ""] [lemma_lc=""hair""] [lemma_lc=""out""]";1;62;en;c;ancient_sources;intertextuality;ancient_textual_sources_and_other_sources;4787;0.19;25825512637;verb_idiom;Vol_I;"‘to be unbearably frustrated or worried about something; to show extreme desperation, to be in deep despair; to be horrified’";
c25en;c25;night and day  OR day and night ;"[lc=""night""] [lc=""and""] [lc=""day""]";1;69;en;c;ancient_sources;intertextuality;ancient_textual_sources_and_other_sources;98908;3,83;25825512637;adverbial_idiom;Vol_I;"‘all the time; around the clock, continually, perpetually’";merged two columns
c26en;c26;"from head to toe/foot ; from top to toe";"[lemma_lc=""from""] [lemma_lc=""head|top""] [lemma_lc=""to""] [lemma_lc=""toe|foot""]";1;62;en;c;ancient_sources;intertextuality;ancient_textual_sources_and_other_sources;16939;0.66;25825512637;adverbial_idiom;Vol_I;"‘1. from top to bottom; the whole of someone’s body; 2. completely, totally; through and through’";
e03en;e03;to take the bull by the horns  ;"[tag=""DT""] [lemma_lc=""bull""] [lemma_lc=""by""] [tag=""DT"" | tag=""PP.?""] [lemma_lc=""horn""] context [lemma=""take""] (-5..5,-KWIC)";1;55;en;e;proverbs;intertextuality;medieval_proverb_collections;1792;0.07;25825512637;verb_idiom;Vol_I;"‘to deal fearlessly with a problem; to act decisively and with determination in order to deal with a difficult situation’";
e05en;e05;to buy/sell a cat in the sack/a pig in a poke  ;"([lemma_lc=""cat""] [lemma_lc=""in""] [tag=""DT""] [lemma_lc=""sack""] ) | ([lemma_lc=""pig""] [lemma_lc=""in""] [tag=""DT""] [lemma_lc=""poke""] ) context [lemma=""buy""] (-5..5,-KWIC)
";1;48;en;e;proverbs;intertextuality;medieval_proverb_collections;317;0.01;25825512637;verb_idiom;Vol_I;"‘to buy or accept something without inspecting or thinking about it carefully first; with the result that one gets something that one does not want; to make an uninformed decision’";leave out pig in a poke? , rare in English, 26 for cat 303 for pig --> decided to leave in because no other idioms in most ferquent left 
e09en;e09;to beat/bang/run one’s head against a brick wall  ;"[tag=""NNZ|NNSZ |CDZ |PPZ|NPZ|NPSZ""] [lemma_lc=""head""] [lemma_lc=""against""] [tag=""DT""] [lemma_lc=""brick""]? [lemma_lc=""wall""] context [lemma=""beat|bang|run""] (-5..5,-KWIC)
";1;50;en;e;proverbs;intertextuality;medieval_proverb_illustrations ;2813;0.11;25825512637;verb_idiom;Vol_I;"‘to waste one’s time and energy attempting the impossible and get
frustrated by doing so; to make fruitless endeavors in a hopeless enterprise (even using force)’";
e10en;e10;(to be) armed to the teeth ;"[lemma_lc=""to""] [lemma_lc=""the""] [lemma_lc=""tooth""] context [lemma=""arm""] (-5..5,-KWIC)";1;46;en;e;proverbs;intertextuality;medieval_proverb_illustrations ;3441;0.13;25825512637;verb_idiom;Vol_I;"‘to possess a lot of weapons or any effective weapon; to be overly well equipped or prepared’";
e17en;e17;to go in at one ear and out at the other  ;"[lemma_lc=""in""][lemma_lc= ""at""]? [lemma_lc=""one""] [lemma_lc=""ear""] context [lemma=""go""] (-5..5,-KWIC)";1;48;en;e;proverbs;intertextuality;medieval_literary_texts;871;0.03;25825512637;verb_idiom;Vol_I;"‘(of advice, instructions, etc.) to be heard without making any lasting impression on the listener; to be utterly ignored and unheeded, not to be taken note of intentionally’";
e21en;e21;to play with fire  ;"[lemma_lc=""with""] [lemma_lc=""fire""] context [lemma=""play""] (-5..5,-KWIC) Hide sub-hits ";1;64;en;e;proverbs;intertextuality;medieval_literary_texts;6187;0.24;25825512637;verb_idiom;Vol_I;‘to take needless risks in a situation that one knows is dangerous, to meddle with something that is potentially dangerous or harmful’;
f05en;f05; the lion's den;"[tag=""DT""] [lemma_lc=""lion""] [lemma_lc=""den""]";0;NA;en;f;fables_folk_narratives;intertextuality;aesopic_types ;3357;0.13;25825512637;verb_idiom;Vol_I;"‘to expose oneself to great danger by entering an opponent’s territory; to go and see someone who has power or authority over you and tell them what you want or why you disagree with them’";"only use noun idiom ""lion's den"" The verb can be varies and otherwise frequency in English is less 0.01."
f08en;f08;to fish in troubled/muddy waters ;"[lemma=""fish"" & tag=""V.*""] [lemma=""in""] [lemma=""troubled|muddy""] [lemma=""water""]";1;51;en;f;fables_folk_narratives;intertextuality;aesopic_types ;201;0.01;25825512637;verb_idiom;Vol_I;‘to try to take advantage of a confused situation, to make capital out of someone else’s misfortune using dubious methods’;
f14en;f14;(to look/search )for a needle in a haystack ;"[lemma_lc=""for""]? [tag=""DT""] [lemma_lc=""needle""] [lemma_lc=""in""] [tag=""DT""] [lemma_lc=""haystack""] context [lemma=""search|look""] (-5..5,-KWIC) Hide sub-hits ";1;60;en;f;fables_folk_narratives;intertextuality;jests_and_comical tales;1040;0.04;25825512637;verb_idiom;Vol_I;"‘to try to find something very small that is lost among many other
things; to look for something that is impossible to find; to be bothered with searching without any prospect of success’";
f24en;f24;to be/fight like cat and dog  ;" [lemma_lc=""like"" & tag=""IN""] [lemma_lc=""cat""] [lemma_lc=""and""] [lemma_lc=""dog""] context [lemma=""fight|be""] (-2..2,-KWIC)";1;68;en;f;fables_folk_narratives;intertextuality;animal_tales;422;0.02;25825512637;verb_idiom;Vol_I;"‘(of two people who know each other well) to frequently have violent
arguments with each other, to keep quarrelling and get very angry with each other most of the time’";For F take 2 from each source (Animal tales, aesopic fables, jests) leave out fairy tales because they are not used in many languages French not very common  
f25en;f25;to play cat and mouse with sb  ;"[lemma_lc=""cat""] [lemma_lc=""and""] [lemma_lc=""mouse""] context [lemma=""play""] (-5..5,-KWIC)";1;54;en;f;fables_folk_narratives;intertextuality;animal tales;1209;0.05;25825512637;verb_idiom;Vol_I;"‘to stall someone off, letting him/her wait for a (negative) decision; to alternate harshness and leniency in one’s treatment of a helpless victim; to manipulate an opponent in a way alternately designed to provoke and spoil him’";leave out with
f27en;f27;crocodile tears  ;"[lemma_lc=""crocodile""] [lemma_lc=""tear""]";1;55;en;f;fables_folk_narratives;intertextuality;animal_tales;2729;0.11;25825512637;verb_idiom;Vol_I;"‘to show false or pretended sadness, to display insincere grief; to pretend that one is weeping’";"leave out ""weep"" since crocodile tear in itself are idiomatic and in some languages the notion of ""weep "" is not included. The distribution of frequencies was similar "
i01en;i01;in black and white / (with) black on white  ;"([lemma_lc=""in""] [lc=""black"" & tag=""J.*""] [lemma_lc=""and""] [lc=""white"" & tag=""J.*""] ) | ([lemma_lc=""with""] [lc=""black"" & tag=""J.*""] [lemma_lc=""on""] [lc=""white"" & tag=""J.*""] )";1;61;en;i;intellectual_technical_achievements;culture;writing_reading;21908;0.85;25825512637;adverbial_idiom;Vol_II;"‘1. reduced to writing; written down or in print, and therefore official; written proof of something; 2. written down or in print, and therefore very clear, in a comprehensive manner’";"probably also contains simple ""black and white"" as colour examples "
i03en;i03;to read between the lines  ;"[lemma_lc=""between""] [lemma_lc=""the""] [lemma_lc=""line""] context [lemma=""read""] (-5..5,-KWIC)";1;58;en;i;intellectual_technical_achievements;culture;writing_reading;9573;0.37;25825512637;verb_idiom;Vol_II;"‘to understand or deduce the real meaning of something; to perceive a hidden message or additional information, even though it is not stated explicitly’";
i05en;i05;one can count sth. on (the fingers of )one hand)  ;"[lemma_lc=""on""] [tag=""DT""]? [lemma_lc=""finger""]? [lemma_lc=""of""]? [lemma_lc=""one""] [lemma_lc=""hand""] context [lemma=""can""] (-5..5,-KWIC) context [lemma=""count""] (-5..5,-KWIC)";1;52;en;i;intellectual_technical_achievements;culture;writing_reading;2069;0.08;25825512637;verb_idiom;Vol_II;‘it is a very small number, there are surprisingly few of certain things’;"Changed, by allow allowing for ""on one hand"""
i09en;i09;to reinvent the wheel;"[lemma_lc=""the""] [lemma_lc=""wheel""] context [lemma=""reinvent""] (-5..5,-KWIC)";0;NA;en;i;intellectual_technical_achievements;culture;inventions;10325;0.4;25825512637;verb_idiom;Vol_II;"‘to waste time and effort in creating something that already exists orredoing work when it has already been done satisfactorily; to rethink an already working system, method, etc. that has long been accepted and even taken for granted’";
i16en;i16;to give sb. the green light ;"[lemma_lc=""the""] [lemma_lc=""green""] [lemma_lc=""light""] context [lemma=""give""] (-5..5,-KWIC)";1;59;en;i;intellectual_technical_achievements;culture;inventions;10563;0.41;25825512637;verb_idiom;Vol_II;‘to encourage or allow someone to proceed, to give someone permission to do something that they were planning to do or have asked to do’;
i18en;i18;to be on the same wavelength as someone;"[lemma_lc=""the""] [lemma_lc=""same""] [lemma_lc=""wavelength""] context [lemma=""be""] (-5..5,-KWIC)";0;NA;en;i;intellectual_technical_achievements;culture;inventions;2211;0.09;25825512637;verb_idiom;Vol_II;"‘to have similar ideas, interests, and opinions (to another person’s); to understand each other very well’";
k04en;k04;the devil is / lies in the detail;"[lemma_lc=""in""] [lemma_lc=""the""] [lemma_lc=""detail""] context [lemma=""devil""] (-5..5,-KWIC)";0;NA;en;k;special_concepts_world;culture;folk_belief;7220;0.28;25825512637;sentence_idiom;Vol_II;‘something looks easy to do but to carry it out proves much more difficultdue to small details that are overlooked and can cause serious problems’;
k10en;k10;the irony of fate;"[lemma_lc=""irony""] [lemma_lc=""of""] [lemma_lc=""fate""]";0;NA;en;k;special_concepts_world;culture;folk_belief;513;0.02;25825512637;noun_idiom;Vol_II;‘a paradoxical constellation that looks as if fate would be involved, a disastrous surprise without clear human intervention (said whensomething is surprisingly different than planned, when the opposite of what one had hoped for occurs)’;
k13en;k13;a black day ;"[tag=""DT""] [lemma_lc=""black""] [lemma_lc=""day""]";1;60;en;k;special_concepts_world;culture;folk_belief;1049;0.04;25825512637;noun_idiom;Vol_II;‘a day full of failures or disasters, when something very sad or unpleasant happens’;
k20en;k20;to/till/until the last breath  ;"[lemma=""till|to|until""] [lemma=""the""]? [lemma=""last""] [lemma=""breath""]";1;53;en;k;special_concepts_world;culture;birth_and_death;557;0.02;25825512637;adverbial_idiom;Vol_II;‘to the utmost, until the very end’;
k21en;k21;to dig one’s own grave  ;"[lemma_lc=""own""] [lemma_lc=""grave""] context [lemma=""dig""] (-5..5,-KWIC)";1;61;en;k;special_concepts_world;culture;birth_and_death;1554;0.06;25825512637;verb_idiom;Vol_II;‘to put oneself in a difficult situation by doing something wrong or making foolish mistakes, to bring about one’s own ruin or downfall and seriously harm oneself’;
k23en;k23;sb. (would) turn in his/her grave ;"[tag=""NNZ|NNSZ |CDZ |PPZ|NPZ|NPSZ""] [lemma_lc=""grave""] context [lemma=""turn""] (-5..-1) context [lemma=""in""] (-5..-1)";1;57;en;k;special_concepts_world;culture;birth_and_death;1910;0.07;25825512637;sentence_idiom;Vol_II;‘someone (a dead person) would be very angry or upset about something which is happening now, if they were still alive to experience it’;
m03en;m03;the other side of the coin  ;"[tag=""DT""] [lemma_lc=""other""] [lemma_lc=""side""] [lemma_lc=""of""] [lemma_lc=""the""] [lemma_lc=""coin""]";1;55;en;m;material_culture_money_living;culture;money_trade_commerce;6334;0.25;25825512637;noun_idiom;Vol_II;"‘a completely different and perhaps contradictory aspect or attitude of a subject or situation; one of two differing views, showing the disadvantages of something that is actually advantageous’";
m04en;m04;at any cost/price;"[lc=""at""] [lc=""any""] [lc=""cost""]";0;NA;en;m;material_culture_money_living;culture;money_trade_commerce;23416;0.88;25825512637;adverbial_idiom;Vol_II;‘under all circumstances, at any rate, regardless of the costs and other disadvantages’;merged two columns
m08en;m08;to be a (real )gold mine;"[tag=""DT""] [lemma_lc=""real""]? [lemma_lc=""goldmine""] context [lemma=""be""] (-2..2,-KWIC)";0;NA;en;m;material_culture_money_living;culture;money_trade_commerce;2000;0.08;25825512637;verb_idiom;Vol_II;"‘to be a lucrative and inexhaustible source of income, to constantly generate a lot of money; to be a treasure trove, i.e. a source of rich information’";"make ""real"" optional"
m08fr;m08;être une (vraie) mine d’or;"[tag=""DET.*""] [lemma_lc=""vrai""]? [lemma_lc=""mine""] [lemma_lc=""de""] [lemma_lc=""or""] context [lemma=""être""] (-2..2,-KWIC)";0;NA;fr;m;material_culture_money_living;culture;money_trade_commerce;3202;0.28;19808173163;verb_idiom;Vol_II;"‘to be a lucrative and inexhaustible source of income, to constantly generate a lot of money; to be a treasure trove, i.e. a source of rich information’";"make ""vrai"" optional"
m13en;m13;to put all (one’s)eggs in / into one basket;"[lemma_lc=""all""] [tag=""PP.?""]? [lemma_lc=""egg""] [lemma_lc=""in|into""] [lemma_lc=""one""] [lemma_lc=""basket""] context [lemma=""put""] (-5..5,-KWIC)";0;NA;en;m;material_culture_money_living;culture;food_clothing_housing;2238;0.09;25825512637;verb_idiom;Vol_II;‘to stake everything on one chance, to invest all one’s money, effort, trust, etc. in one thing, without dispersing one’s risks, so that if it is not successful, one has no other chance’;
m20en;m20;to lose/miss the thread (of something) / to lose one’s thread ;"([lemma_lc=""the""] [lemma_lc=""thread""] [lemma_lc=""of""]? ) | ([tag=""PP.?""] [lemma_lc=""thread""] ) context [lemma=""lose|miss""] (-5..5,-KWIC) Hide sub-hits ";1;52;en;m;material_culture_money_living;culture;food_clothing_housing;1963;0.08;25825512637;verb_idiom;Vol_II;‘to get confused or forget what one wants to say, especially if it is long and complicated, to lose the train of thought’;
m21en;m21;to talk to a wall / brick wall;"[lemma_lc=""to""] [tag=""DT""] [lemma_lc=""brick""]? [lemma_lc=""wall""] context [lemma=""talk""] (-5..5,-KWIC)";0;NA;en;m;material_culture_money_living;culture;food_clothing_housing;933;0.04;25825512637;verb_idiom;Vol_II;to unsuccessfully try to persuade or reason with someone’;
n01en;n01;(to be caught)between two fires  ;"[lemma_lc=""between""] [lemma_lc=""two""] [lemma_lc=""fire""]";1;51;en;n;forces_of_nature;natural_phenomena;natural_forces_and_weather;734;0.03;25825512637;verb_idiom;Vol_II;"‘to be confronted by two equally threatening dangers, pressed from two sides simultaneously; to have a dilemma, to be involved in a conflict without the possibility of choosing one of two sides’";"leave out ""caught"". Otherwise low freqency "
n03en;n03;to keep one’s head above water;"[tag=""NNZ|NNSZ |CDZ |PPZ|NPZ|NPSZ""] [lemma_lc=""head""] [lemma_lc=""above""] [lemma_lc=""water""] context [lemma=""keep""] (-5..5,-KWIC)";1;48;en;n;forces_of_nature;natural_phenomena;natural_forces_and_weather;2661;0.1;25825512637;verb_idiom;Vol_II;"‘to stay out of trouble, especially out of financial difficulties, to keep away from insolvency; to efficiently fight for survival, to avoid being overwhelmed by one’s tasks or commitments’";"left out ""stay afloat"" because it does not exist in French or Ger,an"
n08en;n08;like a bolt from /out of the blue/out of a clear blue sky  ;"[lemma_lc=""like""] [tag=""DT""] [lemma_lc=""bolt""] [lemma_lc=""from|out""] [lemma_lc=""of""]? [tag=""DT""] [lemma_lc=""blue|clear""] [lemma=""blue""]? [lemma_lc=""sky""]? Hide sub-hits ";1;54;en;n;forces_of_nature;natural_phenomena;natural_forces_and_weather;392;0.02;25825512637;adverbial_idiom;Vol_II;‘completely surprising, without warning or preparation, totally unexpectedly (especially of negative events, shattering news, etc.)’;https://idioms.thefreedictionary.com/like+a+bolt+out+of+the+blue
n11en;n11;the calm before the storm  ;"[lemma_lc=""calm""] [lemma_lc=""before""] [lemma_lc=""the""] [lemma_lc=""storm""]";1;54;en;n;forces_of_nature;natural_phenomena;natural_forces_and_weather;2156;0.08;25825512637;noun_idiom;Vol_II;‘a peaceful and quiet period before a period of trouble or activity’;
n18en;n18;to shoot up/spring up/pop up like mushrooms  ;"[lemma_lc=""like""] [lemma_lc=""mushroom""] context [lemma=""shoot|spring|pop""] (-5..5,-KWIC)";1;48;en;n;forces_of_nature;natural_phenomena;plants_animals_animal_behaviour;707;0.03;25825512637;verb_idiom;Vol_II;"to grow rapidly; to suddenly come into existence in great numbers’";"added ""pop up"" https://idioms.thefreedictionary.com/like+mushrooms"
n26en;n26;to die/to be dropping like flies / to go down like flie ;"[lemma_lc=""like""] [lemma_lc=""fly"" & tag=""N.*""] context [lemma=""drop|die|down""] (-5..5,-KWIC)";1;48;en;n;forces_of_nature;natural_phenomena;plants_animals_animal_behaviour;2117;0.08;25825512637;verb_idiom;Vol_II;‘to rapidly collapse, die, or drop out in great numbers within a short period of time, usually for the same reason (referring to a group rather than an individual)’;
o01en;o01;to kill time (by/with doing something)  ;"[lemma_lc=""kill"" & tag=""V.*""] [lemma_lc=""time""]";1;57;en;o;time_space;natural_phenomena;time_day_and_hour;6184;0.24;25825512637;verb_idiom;Vol_II;‘to spend one’s time aimlessly, with useless, unimportant activities while one is waiting for time to pass, in order to escape boredom’;
o04en;o04;now or never  ;"[lc=""now""] [lc=""or""] [lemma_lc=""never""]";1;53;en;o;time_space;natural_phenomena;time_day_and_hour;4376;0.17;25825512637;adverbial_idiom;Vol_II;"‘(used as exclamation to express urgency): let us seize on the opportunity now; it must be done now or not at all’";
o11en;o11;sb.’s days are numbered  ;"[lemma_lc=""day"" & tag=""NNS""] []? []? []? [lemma_lc=""be""] [lemma_lc=""number"" & tag=""V.*""] Hide sub-hits ";1;55;en;o;time_space;natural_phenomena;time_day_and_hour;6104;0.24;25825512637;sentence_idiom;Vol_II;"‘someone will not stay alive for very long, is approaching the end of his/her life or existence; someone will not survive or remain in a particular position for much longer’";
o12en;o12;sb.’s last hour has come / sb.’s last hour has struck  ;"[lemma_lc=""last""] [lemma_lc=""hour""] [lemma_lc=""have""]? [lemma_lc=""come|strike""]";1;52;en;o;time_space;natural_phenomena;time_day_and_hour;183;0.01;25825512637;sentence_idiom;Vol_II;"‘someone’s death is very close; someone must die’";more fixed in english therefore do not use context function. A, b version?
o13en;o13;to go one’s own way ;"[tag=""NNZ|NNSZ |CDZ |PPZ|NPZ|NPSZ""] [lemma_lc=""own""] [lemma_lc=""way""] context [lemma=""go""] (-2..-1)";1;52;en;o;time_space;natural_phenomena;spatial_extent_distance_resistance ;9141;0.35;25825512637;verb_idiom;Vol_II;"‘to become completely independent and self-reliant; to follow one’s inclinations, especially differing from what others are doing’";"only use ""left"" because ""go"" is a frequent verb and would produce too mayn FPs to the right. ""Go"" to the right of this idiom would also be very rare. Also do not use sentence conctext because  English ""in one's own way"" also has the meaning of ""in a manner that is unique to oneself."""
o20en;o20;to shut / slam the door in the/sb.’s face/to shut / slam the door in front of someone’s nose;"[lemma_lc=""the""] [lemma_lc=""door""] [lemma_lc=""in""] [tag=""N.*"" | tag=""PP.?"" | lemma_lc=""front"" | lemma_lc=""the""] [lemma_lc=""of""]? [tag=""N.*"" | tag=""PP.?""]? [lemma=""nose|face""] context [lemma=""slam|shut""] (-5..5,-KWIC)";1;53;en;o;time_space;natural_phenomena;spatial_extent_distance_resistance ;1307;0.05;25825512637;verb_idiom;Vol_II;‘to reject someone harshly, to refuse to talk to someone and terminate any further negotiations’;
p01en;p01;to take off one’s hat to sb.  ;"[tag=""NNZ|NNSZ |CDZ |PPZ|NPZ|NPSZ""] [lemma_lc=""hat""] context [lemma=""take""] (-5..5,-KWIC) context [lemma=""off""] (-5..5,-KWIC) context [lemma=""to""] (-5..5,-KWIC)";1;59;en;p;gestures_postures_facial_expressions;culture;semiotized_gestures;2596;0.1;25825512637;verb_idiom;Vol_II;‘to have great respect for someone and express one’s admiration for their ability or achievement’;
p02en;p02;to roll up one’s sleeves ;"[tag=""NNZ|NNSZ |CDZ |PPZ|NPZ|NPSZ""] [lemma_lc=""sleeve""] context [lemma=""roll""] (-5..5,-KWIC) context [lemma=""up""] (-5..5,-KWIC)";1;67;en;p;gestures_postures_facial_expressions;culture;semiotized_gestures;11489;0.44;25825512637;verb_idiom;Vol_II;"‘to be ready and willing to set about hard work; to prepare oneself for a difficult task";
p05en;p05;to point the finger / an accusatory finger at sb;"[tag=""DT""] [lemma_lc=""accusatory""]? [lemma_lc=""finger""] [lc=""at ""]? context [lemma=""point""] (-5..5,-KWIC)";1;NA;en;p;gestures_postures_facial_expressions;culture;semiotized_gestures;18772;0.73;25825512637;verb_idiom;Vol_II;"‘to blame someone for a mistake or blunder they have made; to identify someone as the guilty person, to denounce them in public for their behavior’";"make ""at optional because it is also optional in French "
p09en;p09;to turn one’s back on sb./sth.  ;"[tag=""NNZ|NNSZ |CDZ |PPZ|NPZ|NPSZ""] [lemma_lc=""back""] context [lemma=""turn""] (-5..5,-KWIC) context [lemma=""on""] (-5..5,-KWIC)";1;62;en;p;gestures_postures_facial_expressions;culture;semiotized_gestures;34762;1.35;25825512637;verb_idiom;Vol_II;"‘to turn away from someone, something; to refuse to help someone; to stop being involved in something; to forsake or abandon someone, something’";
p10en;p10;to welcome/greet sb. with open arms  ;"[lemma_lc=""with""] [lemma_lc=""open""] [lemma_lc=""arm""] context [lemma=""greet|welcome""] (-5..5,-KWIC)";1;57;en;p;gestures_postures_facial_expressions;culture;semiotized_gestures;10448;0.4;25825512637;verb_idiom;Vol_II;"‘to accept, greet with great willingness; to show that one is very happy to see or meet someone or to have them as part of their group etc.’";
p17en;p17;to poke/thrust/stick one’s nose into sth./everything ;"[tag=""NNZ|NNSZ |CDZ |PPZ|NPZ|NPSZ""] [lemma_lc=""nose""] [lemma_lc=""in|into""] context [lemma=""poke|thrust|stick""] (-5..5,-KWIC)";1;56;en;p;gestures_postures_facial_expressions;culture;facial expressions/body postures ;3954;0.15;25825512637;verb_idiom;Vol_II;"‘to meddle curiously in other persons’ affairs; to take an inquisitive interest in things that do not concern oneself and become absorbed in it’";"added ""stick"" also very common. Merriam-Webster. (n.d.). Stick/poke one's nose in/into. In Merriam-Webster.com dictionary. Retrieved June 19, 2021, from https://www.merriam-webster.com/dictionary/stick%2Fpoke%20one%27s%20nose%20in%2Finto"
r01en;r01;to tighten one’s belt  ;"[tag=""NNZ|NNSZ |CDZ |PPZ|NPZ|NPSZ""] [lemma_lc=""belt""] context [lemma=""tighten""] (-5..5,-KWIC)";1;52;en;r;physical_reactions_sensations;natural_phenomena;bodily_reactions;3064;0.12;25825512637;verb_idiom;Vol_II;"‘to make economies, live frugally and use fewer resources when food or money is scarce; to start in earnest on an activity; to make financialsacrifices or cut back on spending´";
r03en;r03;in the blink of an eye / in the twinkling of an eye  ;"[lemma_lc=""in""] [tag=""DT""] [lemma_lc=""blink|twinkling""] [lemma_lc=""of""] [tag=""DT""] [lemma_lc=""eye""]";1;50;en;r;physical_reactions_sensations;natural_phenomena;bodily_reactions;12618;0.49;25825512637;verb_idiom;Vol_II;‘in an instant, in a very short time, surprisingly quickly’;
r08en;r08;"to stand with both feet on the ground; to have one’s feet / both feet on the ground";"([lemma_lc=""with""] [lemma_lc=""both""] [lemma_lc=""foot""] [lemma_lc=""on""] [lemma_lc=""the""] [lemma_lc=""ground""] ) | ([tag=""NNZ|NNSZ |CDZ |PPZ|NPZ|NPSZ"" | tag=""both""] [lemma_lc=""foot""] [lemma_lc=""on""] [lemma_lc=""the""] [lemma_lc=""ground""] ) context [lemma=""have|stand""] (-5..-1)";0;NA;en;r;physical_reactions_sensations;natural_phenomena;bodily_reactions;565;0.02;25825512637;verb_idiom;Vol_II;"‘to have a sensible and practical attitude to life; to be able to cope with life, to be free from fanciful, impractical ideas’";probably also literal occurences, only left context because verbs are frequent.
r09en;r09;(rub)salt in/into the wound;"[lemma_lc=""salt""] [lemma_lc=""in|into""] [tag=""DT""] [lemma_lc=""wound""]";0;NA;en;r;physical_reactions_sensations;natural_phenomena;pain_and_sorrow;1697;0.07;25825512637;verb_idiom;Vol_II;"‘to intentionally increase someone’s pain or shame; to make a difficult situation even worse for someone; to add deliberately to someone’s misery’";
r17en;r17;like balm to one's soul;"[lemma_lc=""balm""] [lemma_lc=""to""] [] [lemma_lc=""soul""]";0;NA;en;r;physical_reactions_sensations;natural_phenomena;pain_and_sorrow;180;0.01;25825512637;verb_idiom;Vol_II;‘something felt to be pleasant, healing and soothing, if one is in an emotional depth’;
r18en;r18;too good to be true;"[lemma_lc=""too""] [lemma_lc=""good""] [lemma_lc=""to""] [lemma_lc=""be""] [lemma_lc=""true""]";0;NA;en;r;physical_reactions_sensations;natural_phenomena;pain_and_sorrow;20634;0.8;25825512637;verb_idiom;Vol_II;"‘this is so good or excellent that it defies belief, there is no way it could be true; it exceeds all expectations but probably cannot be realized’";
s03en;s03;(a) heart of gold  ;"[lemma_lc=""heart""] [lemma_lc=""of""] [lemma_lc=""gold""]";1;48;en;s;human_body;natural_phenomena;heart_head_nerves_skin;6709;0.26;25825512637;noun_idiom;Vol_II;"‘to have a good and generous character; to be a friendly, helpful, forgiving person whose qualities are much appreciated’";changed from verb idiom to noun idiom 
s04en;s04;to lose one’s head  ;"[lemma_lc=""lose""] [tag=""NNZ|NNSZ|CDZ|PPZ|NPZ|NPSZ""] [lemma_lc=""head""]";1;60;en;s;human_body;natural_phenomena;heart_head_nerves_skin;6319;0.24;25825512637;verb_idiom;Vol_II;‘to lose one’s power of reasoning, to become so excited or confused that one gets into a panic and behaves irrationally’;Relatively fixed idiom. Leave whole cosntruction, otherwise too many FPs. 
s06en;s06;to get on sb’s nerves ;"[lemma_lc=""on""] [tag=""NNZ|NNSZ|CDZ|PPZ|NPZ|NPSZ""] [lemma_lc=""nerve""] context [lemma=""get""] (-5..-1)";1;60;en;s;human_body;natural_phenomena;heart_head_nerves_skin;6519;0.25;25825512637;verb_idiom;Vol_II;"‘to annoy or disturb someone constantly; to exasperate someone by the repetition of some irritating action; to be a nuisance’";
s07en;s07;to save one’s (own) skin  ;"[tag=""NNZ|NNSZ|CDZ|PPZ|NPZ|NPSZ""] [lemma_lc=""own""]? [lemma_lc=""skin""] context [lemma=""save""] (-5..-1)";1;53;en;s;human_body;natural_phenomena;heart_head_nerves_skin;3148;0.12;25825512637;verb_idiom;Vol_II;"‘to protect oneself from danger or difficulties, without worrying about other people; to escape from a disagreeable predicament’";
s10en;s10;sb’s hands are tied/ to be tied/bound hand and foot  ;"[lemma_lc=""hand""] [lemma_lc=""be""] [lemma_lc=""tie""]";1;48;en;s;human_body;natural_phenomena;hands_and_face_parts;4398;0.17;25825512637;verb_idiom;Vol_II;"‘to be unable to act because of some restrictions or hindrances; to have obligations which severely restrict one’s actions and freedom’";"only use (a) because (b) ""to be tied / bound hand and foot"" does not exist in French and German "
s12en;s12;(to see something) with (the) naked eye;"[lemma_lc=""with""] [lemma_lc=""the""]? [lemma_lc=""naked""] [lemma_lc=""eye""]";0;NA;en;s;human_body;natural_phenomena;hands_and_face_parts;8200;0.32;25825512637;adverbial_idiom;Vol_II;‘(to see something) without using any artificial help, without an optical ninstrument such as binoculars, microscope or telescope’;
