"X","Unnamed..0","Unnamed..0.1","idiom_id_only","idiom_id","language_id","domain_id","super_domain_name","domain_name","Reference","Left","KWIC","Right","sentence_clean","context_clean","NLP_town_stars_context_window","NLP_town_stars_sentence","Cardiff_NLP_context_window","Cardiff_NLP_sentence","relative_frequency"
133278,133278,"c26en_4504","c26","c26en","en","c","intertextuality","ancient_sources","cgg.org",", each for his iniquity, while every hand hangs limp and every knee turns to water. </s><s> They will go in sackcloth, shuddering","from head to foot",", with faces downcast and heads close shaved. </s><s> They will fling their silver into the street and treat their gold like so","They will go in sackcloth, shuddering from head to foot , with faces downcast and heads close shaved.",", each for his iniquity, while every hand hangs limp and every knee turns to water.  They will go in sackcloth, shuddering from head to foot , with faces downcast and heads close shaved.  They will fling their silver into the street and treat their gold like so",2,2,-1,-1,6.55901791305844e-07
128914,128914,"c26en_140","c26","c26en","en","c","intertextuality","ancient_sources","generationword.com","that united band, who now tumbled down from the wall with horrid pains, for the oil did easily run down the whole body","from head to foot",", under their entire armor, and fed upon their flesh like flame itself. </s><s> Looking south along the west wall of the Old City","that united band, who now tumbled down from the wall with horrid pains, for the oil did easily run down the whole body from head to foot , under their entire armor, and fed upon their flesh like flame itself.","that united band, who now tumbled down from the wall with horrid pains, for the oil did easily run down the whole body from head to foot , under their entire armor, and fed upon their flesh like flame itself.  Looking south along the west wall of the Old City",1,1,-1,-1,6.55901791305844e-07
136786,136786,"c26en_8012","c26","c26en","en","c","intertextuality","ancient_sources","elfinspell.com","and the door undid. </s><s> ""Keep dark!"" </s><s> said he, ""While I squint an'' see what the'' is to see."" </s><s> As knights of old put on their mail, –","From head to foot","an iron suit, Iron jacket and iron boot, 137 Iron breeches, and on the head No hat, but an iron pot instead, And under the","As knights of old put on their mail, – From head to foot an iron suit, Iron jacket and iron boot, 137 Iron breeches, and on the head No hat, but an iron pot instead, And under the","and the door undid.  ""Keep dark!""  said he, ""While I squint an'' see what the'' is to see.""  As knights of old put on their mail, – From head to foot an iron suit, Iron jacket and iron boot, 137 Iron breeches, and on the head No hat, but an iron pot instead, And under the",1,1,0,0,6.55901791305844e-07
132922,132922,"c26en_4148","c26","c26en","en","c","intertextuality","ancient_sources","racked.com","shirt out of acid-wash denim and then I made it an acid-wash denim tuxedo, but with a pirate shirt so he was in acid wash","from head to toe",", but the top was the pirate shirt,"" she says. </s><s> ""It was really funny."" </s><s> That kind of get-up would seem unbelievable, but","shirt out of acid-wash denim and then I made it an acid-wash denim tuxedo, but with a pirate shirt so he was in acid wash from head to toe , but the top was the pirate shirt,"" she says.","shirt out of acid-wash denim and then I made it an acid-wash denim tuxedo, but with a pirate shirt so he was in acid wash from head to toe , but the top was the pirate shirt,"" she says.  ""It was really funny.""  That kind of get-up would seem unbelievable, but",2,3,0,0,6.55901791305844e-07
129450,129450,"c26en_676","c26","c26en","en","c","intertextuality","ancient_sources","jphip.com","undressing. </s><s> It was just removing her clothes but to Mariko the sight of it was well...hot. </s><s> Mariko looked at Haruna","from head to toe",". </s><s> She gulped and felt her heart beat race. </s><s> She''s beautiful, she thought. </s><s> To her, Haruna is the most beautiful woman that","Mariko looked at Haruna from head to toe .","undressing.  It was just removing her clothes but to Mariko the sight of it was well...hot.  Mariko looked at Haruna from head to toe .  She gulped and felt her heart beat race.  She''s beautiful, she thought.  To her, Haruna is the most beautiful woman that",5,2,0,1,6.55901791305844e-07
134116,134116,"c26en_5342","c26","c26en","en","c","intertextuality","ancient_sources","susansmithjones.com","body from head to toe and keep you in the pink. </s><s> The effacacious Vital Reaction® H2Inhaler and Tablets will heal your body","from head to toe","and fast-track you to high-level wellness. </s><s> Use the code SUSAN10 to get a 10% discount on both and FREE SHIPPING within","The effacacious Vital Reaction® H2Inhaler and Tablets will heal your body from head to toe and fast-track you to high-level wellness.","body from head to toe and keep you in the pink.  The effacacious Vital Reaction® H2Inhaler and Tablets will heal your body from head to toe and fast-track you to high-level wellness.  Use the code SUSAN10 to get a 10% discount on both and FREE SHIPPING within",5,5,1,1,6.55901791305844e-07
131912,131912,"c26en_3138","c26","c26en","en","c","intertextuality","ancient_sources","dailycrow.com","overflow, for their wickedness is great. </s><s> Joel 3:13 </s><s> Heights – the measurement from base to top or (of a standing person)","from head to foot",". </s><s> A high place or area. </s><s> You built yourself a high place at the top of every street and made your beauty abominable, and you","Joel 3:13  Heights – the measurement from base to top or (of a standing person) from head to foot .","overflow, for their wickedness is great.  Joel 3:13  Heights – the measurement from base to top or (of a standing person) from head to foot .  A high place or area.  You built yourself a high place at the top of every street and made your beauty abominable, and you",5,1,0,1,6.55901791305844e-07
137230,137230,"c26en_8456","c26","c26en","en","c","intertextuality","ancient_sources","keepbelieving.com","your shield."" </s><s> We should not think of a small shield that covers only the chest area, but rather of a shield that stretches","from head to toe","and completely protects every part of the soldier''s body. </s><s> Such a shield offers complete protection from every attack","We should not think of a small shield that covers only the chest area, but rather of a shield that stretches from head to toe and completely protects every part of the soldier''s body.","your shield.""  We should not think of a small shield that covers only the chest area, but rather of a shield that stretches from head to toe and completely protects every part of the soldier''s body.  Such a shield offers complete protection from every attack",4,5,0,0,6.55901791305844e-07
129181,129181,"c26en_407","c26","c26en","en","c","intertextuality","ancient_sources","newworldencyclopedia.org","women and infants under two months of age. </s><s> It is available over-the-counter. </s><s> Medications typically are applied","from head to foot","(avoiding the eyes and mouth) and left on overnight (Jacques 2008). </s><s> A single dose of ivermectin has been reported to","Medications typically are applied from head to foot (avoiding the eyes and mouth) and left on overnight (Jacques 2008).","women and infants under two months of age.  It is available over-the-counter.  Medications typically are applied from head to foot (avoiding the eyes and mouth) and left on overnight (Jacques 2008).  A single dose of ivermectin has been reported to",3,4,0,0,6.55901791305844e-07
132100,132100,"c26en_3326","c26","c26en","en","c","intertextuality","ancient_sources","faithfreedom.org","Zyad and other Arab poets. </s><s> Thanks. </s><s> Ashiq Zubair''s 2nd response: </s><s> You know let me tell you something, you make me laugh","from head to toes",", thinking I am a terrorist!! </s><s> Thats a good one bro. </s><s> You are smart arent you. </s><s> Let me tell you something, you are even more","Ashiq Zubair''s 2nd response:  You know let me tell you something, you make me laugh from head to toes , thinking I am a terrorist!!","Zyad and other Arab poets.  Thanks.  Ashiq Zubair''s 2nd response:  You know let me tell you something, you make me laugh from head to toes , thinking I am a terrorist!!  Thats a good one bro.  You are smart arent you.  Let me tell you something, you are even more",1,1,1,1,6.55901791305844e-07
134214,134214,"c26en_5440","c26","c26en","en","c","intertextuality","ancient_sources","lyricsowl.com","... </s><s> 1 2 3 4 To the floor I give blood for blood But you want more 1 2 3 4 To the floor I give blood for blood Not more Forever yours","From head to feet","Till the breaking down In the lustful heat Tonight I''ll Love you forever When I go down... </s><s> Well they encourage your","...  1 2 3 4 To the floor I give blood for blood But you want more 1 2 3 4 To the floor I give blood for blood Not more Forever yours From head to feet Till the breaking down In the lustful heat Tonight I''ll Love you forever When I go down...  Well they encourage your","...  1 2 3 4 To the floor I give blood for blood But you want more 1 2 3 4 To the floor I give blood for blood Not more Forever yours From head to feet Till the breaking down In the lustful heat Tonight I''ll Love you forever When I go down...  Well they encourage your",5,5,0,0,6.55901791305844e-07
138657,138657,"c26en_9883","c26","c26en","en","c","intertextuality","ancient_sources","starcoachracetours.org","I''ve done some bad ass stuff). </s><s> The entire staff takes care of you from the second you arrive. </s><s> It''s a first class operation","from head to toe",". </s><s> The food is awesome (not basic track food), the coaches are well kept and are top notch. </s><s> The whole experience is just","It''s a first class operation from head to toe .","I''ve done some bad ass stuff).  The entire staff takes care of you from the second you arrive.  It''s a first class operation from head to toe .  The food is awesome (not basic track food), the coaches are well kept and are top notch.  The whole experience is just",5,5,0,-1,6.55901791305844e-07
134424,134424,"c26en_5650","c26","c26en","en","c","intertextuality","ancient_sources","bahai-library.com",". </s><s> Respectable women could seldom ventured from the andarun. </s><s> They left their houses only occasionally, heavily veiled","from head to toe",", usually at night to reduce the possibility of being seen; and then only to visit the house of a relative. </s><s> Any other","They left their houses only occasionally, heavily veiled from head to toe , usually at night to reduce the possibility of being seen; and then only to visit the house of a relative.",".  Respectable women could seldom ventured from the andarun.  They left their houses only occasionally, heavily veiled from head to toe , usually at night to reduce the possibility of being seen; and then only to visit the house of a relative.  Any other",2,3,0,-1,6.55901791305844e-07
133280,133280,"c26en_4506","c26","c26en","en","c","intertextuality","ancient_sources","roadbikereview.com","panhandlers hang out over the train trench. </s><s> They ignored me, but I would have too with all the black spandex covering me","from head to toe",". </s><s> Shot some pics of Fitzgeralds and back down towards the El Dorado. </s><s> I tried to get a bus in the last shot but it only came out","They ignored me, but I would have too with all the black spandex covering me from head to toe .","panhandlers hang out over the train trench.  They ignored me, but I would have too with all the black spandex covering me from head to toe .  Shot some pics of Fitzgeralds and back down towards the El Dorado.  I tried to get a bus in the last shot but it only came out",3,2,-1,-1,6.55901791305844e-07
132956,132956,"c26en_4182","c26","c26en","en","c","intertextuality","ancient_sources","plentyoffish.com","they have ever had... </s><s> Never had any complaints though. </s><s> I am big into foreplay. </s><s> I like to tickle a woman with a soft feather","from head to toe",", and I touch every inch of the body, sometimes I lightly tickle in just the right places. </s><s> Foreplay is the best, I always","I like to tickle a woman with a soft feather from head to toe , and I touch every inch of the body, sometimes I lightly tickle in just the right places.","they have ever had...  Never had any complaints though.  I am big into foreplay.  I like to tickle a woman with a soft feather from head to toe , and I touch every inch of the body, sometimes I lightly tickle in just the right places.  Foreplay is the best, I always",4,5,1,1,6.55901791305844e-07
136251,136251,"c26en_7477","c26","c26en","en","c","intertextuality","ancient_sources","parentmap.com","you don''t already have fan gear, it''s time to get some! </s><s> We''ve rounded up seven products that will show off your team pride","from head to toe","for parents, kids and even the family dog! </s><s> The Seahawks are shining so bright, you have to wear shades! </s><s> These officially","We''ve rounded up seven products that will show off your team pride from head to toe for parents, kids and even the family dog!","you don''t already have fan gear, it''s time to get some!  We''ve rounded up seven products that will show off your team pride from head to toe for parents, kids and even the family dog!  The Seahawks are shining so bright, you have to wear shades!  These officially",5,5,1,1,6.55901791305844e-07
132788,132788,"c26en_4014","c26","c26en","en","c","intertextuality","ancient_sources","poopreport.com","<s> One of their children had shat everywhere. </s><s> The father was in a state of panic. </s><s> He grabbed up the child, who was now covered","from head to toe","with poo, and began to rush down the steps. </s><s> In his haste, he brushed right past me. </s><s> I thought nothing of it until my sister","He grabbed up the child, who was now covered from head to toe with poo, and began to rush down the steps."," One of their children had shat everywhere.  The father was in a state of panic.  He grabbed up the child, who was now covered from head to toe with poo, and began to rush down the steps.  In his haste, he brushed right past me.  I thought nothing of it until my sister",1,1,0,-1,6.55901791305844e-07
132216,132216,"c26en_3442","c26","c26en","en","c","intertextuality","ancient_sources","blogspot.com","well. </s><s> We wanted to create a cherished piece for a woman''s wardrobe and we don''t believe in prescribing what a woman wears","from head to toe",". </s><s> From everything and everywhere: books, magazines, vintage, film, a woman walking down the street. </s><s> What is your","We wanted to create a cherished piece for a woman''s wardrobe and we don''t believe in prescribing what a woman wears from head to toe .","well.  We wanted to create a cherished piece for a woman''s wardrobe and we don''t believe in prescribing what a woman wears from head to toe .  From everything and everywhere: books, magazines, vintage, film, a woman walking down the street.  What is your",2,5,0,0,6.55901791305844e-07
137478,137478,"c26en_8704","c26","c26en","en","c","intertextuality","ancient_sources","literotica.com","before you knew it my mother was writhing in ecstasy, with her arms flailing over her head, as six hands groped her body","from head to toe",". </s><s> I removed her bra and now her massive tits were exposed to Eddie for the very first time. </s><s> I told Eddie to start sucking my","before you knew it my mother was writhing in ecstasy, with her arms flailing over her head, as six hands groped her body from head to toe .","before you knew it my mother was writhing in ecstasy, with her arms flailing over her head, as six hands groped her body from head to toe .  I removed her bra and now her massive tits were exposed to Eddie for the very first time.  I told Eddie to start sucking my",1,1,0,-1,6.55901791305844e-07
133963,133963,"c26en_5189","c26","c26en","en","c","intertextuality","ancient_sources","counsellinghelp.co.uk","physical sensations. </s><s> Your therapist will ask you to think about your original target while scanning your body","from head to toe",", looking for residual tension. </s><s> Any bodily tension or uncomfortable physical sensations are then targeted with","Your therapist will ask you to think about your original target while scanning your body from head to toe , looking for residual tension.","physical sensations.  Your therapist will ask you to think about your original target while scanning your body from head to toe , looking for residual tension.  Any bodily tension or uncomfortable physical sensations are then targeted with",4,4,0,0,6.55901791305844e-07
172787,172787,"c26fr_9869","c26","c26fr","fr","c","intertextuality","ancient_sources","musee-moutiers.fr","des bandes de toiles pour maintenir fermement l''enfant sur sa couche. </s><s> Celui-ci, emmailloté dans ses langes","des pieds à la tête",", était donc prisonnier du berceau. </s><s> Les croyances populaires justifiaient cela en disant qu''autrement l''enfant","Celui-ci, emmailloté dans ses langes des pieds à la tête , était donc prisonnier du berceau.","des bandes de toiles pour maintenir fermement l''enfant sur sa couche.  Celui-ci, emmailloté dans ses langes des pieds à la tête , était donc prisonnier du berceau.  Les croyances populaires justifiaient cela en disant qu''autrement l''enfant",1,2,-1,-1,1.2670190888694e-06
171507,171507,"c26fr_8589","c26","c26fr","fr","c","intertextuality","ancient_sources","lespetitsas.com",", vieille raquette Donnay toute rafistolée. </s><s> L''organisation, parrainée par le magasin de sport local, l''a rhabillé","des pieds à la tête",", raquette en prime. </s><s> Matas a ri, Matas a pleuré. </s><s> Il a atteint les demi-finales mais n''a jamais fait carrière. </s><s> Qu''on se le","L''organisation, parrainée par le magasin de sport local, l''a rhabillé des pieds à la tête , raquette en prime.",", vieille raquette Donnay toute rafistolée.  L''organisation, parrainée par le magasin de sport local, l''a rhabillé des pieds à la tête , raquette en prime.  Matas a ri, Matas a pleuré.  Il a atteint les demi-finales mais n''a jamais fait carrière.  Qu''on se le",3,1,1,-1,1.2670190888694e-06
165334,165334,"c26fr_2416","c26","c26fr","fr","c","intertextuality","ancient_sources","brindelaine-and-co.com","période aussi noire, nous sommes encore et toujours déterminés à les rompre, j''avais envie de me barioler de couleurs","de la tête aux pieds",", (sac compris LOL ) en résistance à la grisaille, aux lobbys et grands patrons suceurs de moelle... </s><s> Je suis donc","période aussi noire, nous sommes encore et toujours déterminés à les rompre, j''avais envie de me barioler de couleurs de la tête aux pieds , (sac compris LOL ) en résistance à la grisaille, aux lobbys et grands patrons suceurs de moelle...  Je suis donc","période aussi noire, nous sommes encore et toujours déterminés à les rompre, j''avais envie de me barioler de couleurs de la tête aux pieds , (sac compris LOL ) en résistance à la grisaille, aux lobbys et grands patrons suceurs de moelle...  Je suis donc",2,2,-1,-1,1.2670190888694e-06
170001,170001,"c26fr_7083","c26","c26fr","fr","c","intertextuality","ancient_sources","mononews.ca","tous nos remerciements. </s><s> Renouveau d''automne : The Body Shop présente des produits novateurs qui vous dorloteront","de la tête aux pieds","</s><s> Nous joindre </s><s> Dorlotez vos mains grâce à la gamme de soins des mains spécialisés signés The Body Shop faite à partir d''","Renouveau d''automne : The Body Shop présente des produits novateurs qui vous dorloteront de la tête aux pieds  Nous joindre  Dorlotez vos mains grâce à la gamme de soins des mains spécialisés signés The Body Shop faite à partir d''","tous nos remerciements.  Renouveau d''automne : The Body Shop présente des produits novateurs qui vous dorloteront de la tête aux pieds  Nous joindre  Dorlotez vos mains grâce à la gamme de soins des mains spécialisés signés The Body Shop faite à partir d''",5,5,1,1,1.2670190888694e-06
168559,168559,"c26fr_5641","c26","c26fr","fr","c","intertextuality","ancient_sources","vefblog.net","pour vous mettre en forme, Alister vient vers vous avec un parchemin dans les mains. </s><s> Il est habillé de façon très classe","de la tête aux pieds",": chapeau noir, veste 3⁄4 fermée en velours noir, laissant apparaître un noeud de cravate blanc, pantalon noir à rayure","Il est habillé de façon très classe de la tête aux pieds : chapeau noir, veste 3⁄4 fermée en velours noir, laissant apparaître un noeud de cravate blanc, pantalon noir à rayure","pour vous mettre en forme, Alister vient vers vous avec un parchemin dans les mains.  Il est habillé de façon très classe de la tête aux pieds : chapeau noir, veste 3⁄4 fermée en velours noir, laissant apparaître un noeud de cravate blanc, pantalon noir à rayure",4,4,1,1,1.2670190888694e-06
167336,167336,"c26fr_4418","c26","c26fr","fr","c","intertextuality","ancient_sources","viefemme.com","une erreur et étant donné qu''un homme nu est à l''origine de toute cette affaire, nous habillerons chaque gagnant","des pieds à la tête",". </s><s> Nous comptons sur vous "". </s><s> Publicités </s><s> "" Femmes du monde "" </s><s> Dans son essai intitulé La Tentation de Pénélope , Belinda","une erreur et étant donné qu''un homme nu est à l''origine de toute cette affaire, nous habillerons chaque gagnant des pieds à la tête .","une erreur et étant donné qu''un homme nu est à l''origine de toute cette affaire, nous habillerons chaque gagnant des pieds à la tête .  Nous comptons sur vous "".  Publicités  "" Femmes du monde ""  Dans son essai intitulé La Tentation de Pénélope , Belinda",1,1,-1,-1,1.2670190888694e-06
170817,170817,"c26fr_7899","c26","c26fr","fr","c","intertextuality","ancient_sources","nice-forum.net","détestait les hommes et ne voulait en aucun point se faire dépasser par eux. </s><s> Cette rages envers eux la faisait tromblé","de la tête aux pieds","et ses yeux trahissait une haine incroyable. </s><s> Lorsque que Jone lui dit qu''elle allait s''en aller Ana devint hors d''elle. </s>","Cette rages envers eux la faisait tromblé de la tête aux pieds et ses yeux trahissait une haine incroyable.","détestait les hommes et ne voulait en aucun point se faire dépasser par eux.  Cette rages envers eux la faisait tromblé de la tête aux pieds et ses yeux trahissait une haine incroyable.  Lorsque que Jone lui dit qu''elle allait s''en aller Ana devint hors d''elle. ",1,1,-1,-1,1.2670190888694e-06
166084,166084,"c26fr_3166","c26","c26fr","fr","c","intertextuality","ancient_sources","nice-board.net","une toute autre histoire. </s><s> Attentif au moindre détail, en quelques secondes notre Yakuza avait annalysé la jeune femme","de la tête aux pieds","et cela dans les moindres détails visibles. </s><s> Les boutons manquants, la chemise déchirée révélant ce qu''elle a pour","Attentif au moindre détail, en quelques secondes notre Yakuza avait annalysé la jeune femme de la tête aux pieds et cela dans les moindres détails visibles.","une toute autre histoire.  Attentif au moindre détail, en quelques secondes notre Yakuza avait annalysé la jeune femme de la tête aux pieds et cela dans les moindres détails visibles.  Les boutons manquants, la chemise déchirée révélant ce qu''elle a pour",3,2,1,1,1.2670190888694e-06
171808,171808,"c26fr_8890","c26","c26fr","fr","c","intertextuality","ancient_sources","blogspot.com",", elle ne m''est rien, cette bonne dame en tailleur rose mort-né, au sourire trop honnête pour être aimable, enveloppée","de la tête aux pieds","de l''angélique clémence de l''épouse fidèle au poste bien que... </s><s> Elle porte sa dignité en grand cordon de la Légion d''",", elle ne m''est rien, cette bonne dame en tailleur rose mort-né, au sourire trop honnête pour être aimable, enveloppée de la tête aux pieds de l''angélique clémence de l''épouse fidèle au poste bien que...  Elle porte sa dignité en grand cordon de la Légion d''",", elle ne m''est rien, cette bonne dame en tailleur rose mort-né, au sourire trop honnête pour être aimable, enveloppée de la tête aux pieds de l''angélique clémence de l''épouse fidèle au poste bien que...  Elle porte sa dignité en grand cordon de la Légion d''",1,1,1,1,1.2670190888694e-06
168802,168802,"c26fr_5884","c26","c26fr","fr","c","intertextuality","ancient_sources","chocoforum.com","tête, il pût jeter un rapide coup d''œil aux habits de sa maîtresse. </s><s> Il savait qu''il était impoli de dévisager quelqu''un","des pieds à la tête",", c''est pour ça que le coup d''œil fut rapide. </s><s> Il constata que sa robe à manches longues était d''un joli vert. </s><s> Il n''eut pas le","Il savait qu''il était impoli de dévisager quelqu''un des pieds à la tête , c''est pour ça que le coup d''œil fut rapide.","tête, il pût jeter un rapide coup d''œil aux habits de sa maîtresse.  Il savait qu''il était impoli de dévisager quelqu''un des pieds à la tête , c''est pour ça que le coup d''œil fut rapide.  Il constata que sa robe à manches longues était d''un joli vert.  Il n''eut pas le",2,2,-1,-1,1.2670190888694e-06
167979,167979,"c26fr_5061","c26","c26fr","fr","c","intertextuality","ancient_sources","goldsaints.com",". </s><s> Je compris immédiatement qu''elle en était la cause : assis sur son trône en or, Marius était couvert d''un sang noirâtre","des pieds à la tête",". </s><s> Ce qui signifiait qu''il avait supprimé un membre de notre propre race. </s><s> ""Avancez, frères de Szeged"" ordonna-t-il de sa","Je compris immédiatement qu''elle en était la cause : assis sur son trône en or, Marius était couvert d''un sang noirâtre des pieds à la tête .",".  Je compris immédiatement qu''elle en était la cause : assis sur son trône en or, Marius était couvert d''un sang noirâtre des pieds à la tête .  Ce qui signifiait qu''il avait supprimé un membre de notre propre race.  ""Avancez, frères de Szeged"" ordonna-t-il de sa",1,1,-1,-1,1.2670190888694e-06
164435,164435,"c26fr_1517","c26","c26fr","fr","c","intertextuality","ancient_sources","forumactif.org","Pranamaya kosha </s><s> En effet Pépère ! Mais justement si alors ... </s><s> M''asseoir en face ... La femme était voilée toute en noir,","des pieds à la tête",". </s><s> Je n''ai pensé à une mariée mais c''est en fait ce qu''elle/je ? dois être. </s><s> Mes parents étaient quelques mètres plus loin","Mais justement si alors ...  M''asseoir en face ... La femme était voilée toute en noir, des pieds à la tête .","Pranamaya kosha  En effet Pépère ! Mais justement si alors ...  M''asseoir en face ... La femme était voilée toute en noir, des pieds à la tête .  Je n''ai pensé à une mariée mais c''est en fait ce qu''elle/je ? dois être.  Mes parents étaient quelques mètres plus loin",2,2,-1,-1,1.2670190888694e-06
166963,166963,"c26fr_4045","c26","c26fr","fr","c","intertextuality","ancient_sources","pottermagicworld.net","ouvrit sur une large cour verdoyante et un portier souriant. </s><s> -"" Sabah el-kheir ! "" S''exclama l''homme, habillé de blanc","de la tête aux pieds","et le crâne ceint d''un keffieh rouge sang. </s><s> -"" Sabah... vous même. </s><s> "" Marmonna Azulay en passant devant le portier sans le","S''exclama l''homme, habillé de blanc de la tête aux pieds et le crâne ceint d''un keffieh rouge sang.","ouvrit sur une large cour verdoyante et un portier souriant.  -"" Sabah el-kheir ! "" S''exclama l''homme, habillé de blanc de la tête aux pieds et le crâne ceint d''un keffieh rouge sang.  -"" Sabah... vous même.  "" Marmonna Azulay en passant devant le portier sans le",1,1,-1,-1,1.2670190888694e-06
163481,163481,"c26fr_563","c26","c26fr","fr","c","intertextuality","ancient_sources","skyrock.com","? plaisanta Diane. -Oh non, je... commença-t-elle. -En tous cas, cela ne va pas du tout ! la coupa-t-elle en l''observant","des pieds à la tête",". -Je vais très bien Diane, merci, annonça-t-elle en la prenant par les épaules. </s><s> Elles sourièrent et commencèrent à","la coupa-t-elle en l''observant des pieds à la tête .","? plaisanta Diane. -Oh non, je... commença-t-elle. -En tous cas, cela ne va pas du tout ! la coupa-t-elle en l''observant des pieds à la tête . -Je vais très bien Diane, merci, annonça-t-elle en la prenant par les épaules.  Elles sourièrent et commencèrent à",2,1,0,1,1.2670190888694e-06
171139,171139,"c26fr_8221","c26","c26fr","fr","c","intertextuality","ancient_sources","catbull.com","les murs barbares qui firent leur supériorité. </s><s> Après six à huit mois de ce régime disciplinaire, les jeunes gens, oints","de la tête aux pieds",", reçoivent des vêtements et un nom qu''ils doivent conserver leur vie durant, et retournent dans le village au milieu","Après six à huit mois de ce régime disciplinaire, les jeunes gens, oints de la tête aux pieds , reçoivent des vêtements et un nom qu''ils doivent conserver leur vie durant, et retournent dans le village au milieu","les murs barbares qui firent leur supériorité.  Après six à huit mois de ce régime disciplinaire, les jeunes gens, oints de la tête aux pieds , reçoivent des vêtements et un nom qu''ils doivent conserver leur vie durant, et retournent dans le village au milieu",4,4,1,-1,1.2670190888694e-06
172092,172092,"c26fr_9174","c26","c26fr","fr","c","intertextuality","ancient_sources","free.fr","et les gens normaux, ces pauvres idiots. </s><s> Bien plus tard, j''ai eu en plusieurs occasions grand plaisir à me faire saucer","de la tête aux pieds",", dehors. </s><s> Un plaisir solitaire, doublé de la joie de profiter de quelque chose dont ces cons ignorent jusqu''à l''","Bien plus tard, j''ai eu en plusieurs occasions grand plaisir à me faire saucer de la tête aux pieds , dehors.","et les gens normaux, ces pauvres idiots.  Bien plus tard, j''ai eu en plusieurs occasions grand plaisir à me faire saucer de la tête aux pieds , dehors.  Un plaisir solitaire, doublé de la joie de profiter de quelque chose dont ces cons ignorent jusqu''à l''",3,5,1,-1,1.2670190888694e-06
166292,166292,"c26fr_3374","c26","c26fr","fr","c","intertextuality","ancient_sources","gai-eros.org","et j''ai commencé à faire le même mouvement que lui sur ma propre queue. </s><s> L''effet fut immédiat, je fus envahi d''un frisson","de la tête aux pieds","et j''avais des papillons dans l''estomac. </s><s> Dans le temps qu''il le faille pour le dire, des torrents de jets visqueux et","L''effet fut immédiat, je fus envahi d''un frisson de la tête aux pieds et j''avais des papillons dans l''estomac.","et j''ai commencé à faire le même mouvement que lui sur ma propre queue.  L''effet fut immédiat, je fus envahi d''un frisson de la tête aux pieds et j''avais des papillons dans l''estomac.  Dans le temps qu''il le faille pour le dire, des torrents de jets visqueux et",2,5,1,1,1.2670190888694e-06
170761,170761,"c26fr_7843","c26","c26fr","fr","c","intertextuality","ancient_sources","forumactif.com","mieux soigner. </s><s> Mais pour découvrir que quelque chose ne fonctionne pas bien dans votre ventre, il devra vous examiner","des pieds à la tête","et vous faire passer des tas d''examens puisque vous taisez votre mal. </s><s> Il devra faire avec vous comme un vétérinaire avec","Mais pour découvrir que quelque chose ne fonctionne pas bien dans votre ventre, il devra vous examiner des pieds à la tête et vous faire passer des tas d''examens puisque vous taisez votre mal.","mieux soigner.  Mais pour découvrir que quelque chose ne fonctionne pas bien dans votre ventre, il devra vous examiner des pieds à la tête et vous faire passer des tas d''examens puisque vous taisez votre mal.  Il devra faire avec vous comme un vétérinaire avec",3,3,-1,-1,1.2670190888694e-06
166550,166550,"c26fr_3632","c26","c26fr","fr","c","intertextuality","ancient_sources","typepad.fr","bien plus efficaces puisque nous sommes allés faire du shopping dans l''outlet le plus proche. </s><s> Gildas s''est rhabillé","des pieds à la tête","ou plutôt du ventre à la tête parce qu''il n''a pas pu trouver de pantalon. </s><s> Quant a moi, pas d''habits, mais des éléments pour","Gildas s''est rhabillé des pieds à la tête ou plutôt du ventre à la tête parce qu''il n''a pas pu trouver de pantalon.","bien plus efficaces puisque nous sommes allés faire du shopping dans l''outlet le plus proche.  Gildas s''est rhabillé des pieds à la tête ou plutôt du ventre à la tête parce qu''il n''a pas pu trouver de pantalon.  Quant a moi, pas d''habits, mais des éléments pour",2,4,-1,-1,1.2670190888694e-06
165765,165765,"c26fr_2847","c26","c26fr","fr","c","intertextuality","ancient_sources","forumgratuit.fr","de ses boutons de chair. </s><s> Ce n''était qu''une caresse très légère et pourtant, un long courant de plaisir le fit frissonner","des pieds à la tête",". </s><s> Le souffle de la voix de Blaine contre son oreille lui arracha un autre soupir. </s><s> Le brun sourit, mi-amusé,","Ce n''était qu''une caresse très légère et pourtant, un long courant de plaisir le fit frissonner des pieds à la tête .","de ses boutons de chair.  Ce n''était qu''une caresse très légère et pourtant, un long courant de plaisir le fit frissonner des pieds à la tête .  Le souffle de la voix de Blaine contre son oreille lui arracha un autre soupir.  Le brun sourit, mi-amusé,",2,2,1,1,1.2670190888694e-06
193729,193729,"c26ge_4920","c26","c26ge","ge","c","intertextuality","ancient_sources","martina-uwe.de","Adrenalinkicks, gibt es natürlich auch Wellness-Wochenenden zu verschenken. </s><s> Dort können sich die Beschenkten","von Kopf bis Fuß","verwöhnen lassen und fern des Alltags die Seele baumeln lassen. </s><s> Location und Zeitraum sind auch hier frei wählbar,","Dort können sich die Beschenkten von Kopf bis Fuß verwöhnen lassen und fern des Alltags die Seele baumeln lassen.","Adrenalinkicks, gibt es natürlich auch Wellness-Wochenenden zu verschenken.  Dort können sich die Beschenkten von Kopf bis Fuß verwöhnen lassen und fern des Alltags die Seele baumeln lassen.  Location und Zeitraum sind auch hier frei wählbar,",5,4,1,1,1.03916700599373e-06
193696,193696,"c26ge_4887","c26","c26ge","ge","c","intertextuality","ancient_sources","myrobotcenter.at","hin nehmen. ma </s> <gap/> <gap/> <s> 1. Generation: Der Massage-Roboter WheeMe V1.2 in BLAU von DreamBots entspannt Sie","von Kopf bis Fuss","</s> <gap/> <s> Mehr Ansichten </s> <gap/> <s> Der WheeMe Massage-Roboter von DreamBots ist ein feiner kleiner Massageroboter auf","Generation: Der Massage-Roboter WheeMe V1.2 in BLAU von DreamBots entspannt Sie von Kopf bis Fuss    Mehr Ansichten    Der WheeMe Massage-Roboter von DreamBots ist ein feiner kleiner Massageroboter auf","hin nehmen. ma     1. Generation: Der Massage-Roboter WheeMe V1.2 in BLAU von DreamBots entspannt Sie von Kopf bis Fuss    Mehr Ansichten    Der WheeMe Massage-Roboter von DreamBots ist ein feiner kleiner Massageroboter auf",4,3,0,0,1.03916700599373e-06
193286,193286,"c26ge_4477","c26","c26ge","ge","c","intertextuality","ancient_sources","doktorfussball.de",". </s><s> Ob er damit auch den diktatorischen Sudan meinte, der UN-Vertretern Einreisevisa ablehnt, jedoch FIFA-Bonzen","von Kopf bis Fuss","verwöhnt – das ließ Sepp Blatter offen. </s><s> Da umarmte er lieber den verrückten Otto Pfister, Trainer des größten","Ob er damit auch den diktatorischen Sudan meinte, der UN-Vertretern Einreisevisa ablehnt, jedoch FIFA-Bonzen von Kopf bis Fuss verwöhnt – das ließ Sepp Blatter offen.",".  Ob er damit auch den diktatorischen Sudan meinte, der UN-Vertretern Einreisevisa ablehnt, jedoch FIFA-Bonzen von Kopf bis Fuss verwöhnt – das ließ Sepp Blatter offen.  Da umarmte er lieber den verrückten Otto Pfister, Trainer des größten",1,1,-1,-1,1.03916700599373e-06
191712,191712,"c26ge_2903","c26","c26ge","ge","c","intertextuality","ancient_sources","openpr.de","Modeunternehmen Deutschlands. </s><s> Auch weit über die Grenzen hat sich die Marke etabliert. </s><s> Mittlerweile kann man sich","von Kopf bis Fuß","mit... mehr </s> <gap/> <s> Am 4. Mai 2013 konnte Boxlegende Wladimir Klitschko seinen Schwergewichts-Weltmeistertitel im","Mittlerweile kann man sich von Kopf bis Fuß mit... mehr    Am 4.","Modeunternehmen Deutschlands.  Auch weit über die Grenzen hat sich die Marke etabliert.  Mittlerweile kann man sich von Kopf bis Fuß mit... mehr    Am 4. Mai 2013 konnte Boxlegende Wladimir Klitschko seinen Schwergewichts-Weltmeistertitel im",4,5,0,0,1.03916700599373e-06
195717,195717,"c26ge_6908","c26","c26ge","ge","c","intertextuality","ancient_sources","outdoorblognews.de","selbstreinigend und kann bei Bedarf sogar bei 60° C gewaschen werden. </s><s> Bild: Woolpower </s><s> Woolpower: Natürliche Wärme","von Kopf bis Fuß","</s><s> Das schwedische Traditionsunternehmen schafft mit seiner Kollektion ideale Voraussetzungen für Groß und Klein:","Bild: Woolpower  Woolpower: Natürliche Wärme von Kopf bis Fuß  Das schwedische Traditionsunternehmen schafft mit seiner Kollektion ideale Voraussetzungen für Groß und Klein:","selbstreinigend und kann bei Bedarf sogar bei 60° C gewaschen werden.  Bild: Woolpower  Woolpower: Natürliche Wärme von Kopf bis Fuß  Das schwedische Traditionsunternehmen schafft mit seiner Kollektion ideale Voraussetzungen für Groß und Klein:",5,5,1,0,1.03916700599373e-06
192171,192171,"c26ge_3362","c26","c26ge","ge","c","intertextuality","ancient_sources","piercing-magazin.de","ist,sonder danach wo Du ""dein Tattoo"" haben willst!!! </s><s> Ausserdem könnte Dir diese Frage nur jemand beantworten,der","von Kopf bis Fuss","tätowiert ist! </s><s> Und da bleibt dann denk ich mal nur ein müdes Lächeln für über!!! </s><s> Sicher gibt es Stellen, wo es","Ausserdem könnte Dir diese Frage nur jemand beantworten,der von Kopf bis Fuss tätowiert ist!","ist,sonder danach wo Du ""dein Tattoo"" haben willst!!!  Ausserdem könnte Dir diese Frage nur jemand beantworten,der von Kopf bis Fuss tätowiert ist!  Und da bleibt dann denk ich mal nur ein müdes Lächeln für über!!!  Sicher gibt es Stellen, wo es",1,3,0,-1,1.03916700599373e-06
190508,190508,"c26ge_1699","c26","c26ge","ge","c","intertextuality","ancient_sources","online.de","wegen seiner Atmung und dem Grund des Schreiens. </s><s> In einer Nacht musste er im Schlaflabor übernachten und war","von Kopf bis Fuß","an Kabel angeschlossen um Atmung und Herzschlag im Schlaf zu beobachten. </s><s> Der Kleine sah schlimm aus und er tat mir so","In einer Nacht musste er im Schlaflabor übernachten und war von Kopf bis Fuß an Kabel angeschlossen um Atmung und Herzschlag im Schlaf zu beobachten.","wegen seiner Atmung und dem Grund des Schreiens.  In einer Nacht musste er im Schlaflabor übernachten und war von Kopf bis Fuß an Kabel angeschlossen um Atmung und Herzschlag im Schlaf zu beobachten.  Der Kleine sah schlimm aus und er tat mir so",4,5,0,-1,1.03916700599373e-06
190484,190484,"c26ge_1675","c26","c26ge","ge","c","intertextuality","ancient_sources","home-deluxe-gmbh.de","Effekte zusätzlich. </s><s> Der Massagesessel ""Siesta"" massiert Sie mit seinen fünf unterschiedlichen Massagefunktionen","von Kopf bis Fuß",". </s><s> Als wahres Allround-Talent bietet er verschiedene, vorprogrammierte Massageeinstellungen, wie Shiatsu, Kneten","Der Massagesessel ""Siesta"" massiert Sie mit seinen fünf unterschiedlichen Massagefunktionen von Kopf bis Fuß .","Effekte zusätzlich.  Der Massagesessel ""Siesta"" massiert Sie mit seinen fünf unterschiedlichen Massagefunktionen von Kopf bis Fuß .  Als wahres Allround-Talent bietet er verschiedene, vorprogrammierte Massageeinstellungen, wie Shiatsu, Kneten",5,5,0,0,1.03916700599373e-06
195085,195085,"c26ge_6276","c26","c26ge","ge","c","intertextuality","ancient_sources","pressmap.de","""Factory Customizing"". </s><s> Und die Superlative liegt hier nicht in den Pferdestärken, sondern der Urkraft. </s><s> Ein fetter,","von Kopf bis Fuß","aus dem vollen Aluminiumblock CNC-gefräster V2-Motor mit 2,5 Liter Hubraum, bringt vielen modernen Turbo-Dieseln","Ein fetter, von Kopf bis Fuß aus dem vollen Aluminiumblock CNC-gefräster V2-Motor mit 2,5 Liter Hubraum, bringt vielen modernen Turbo-Dieseln","""Factory Customizing"".  Und die Superlative liegt hier nicht in den Pferdestärken, sondern der Urkraft.  Ein fetter, von Kopf bis Fuß aus dem vollen Aluminiumblock CNC-gefräster V2-Motor mit 2,5 Liter Hubraum, bringt vielen modernen Turbo-Dieseln",5,5,0,0,1.03916700599373e-06
191987,191987,"c26ge_3178","c26","c26ge","ge","c","intertextuality","ancient_sources","motosport.ch","Style immer unter Berücksichtigung der hohen KTM Qualitätsansprüche. </s> <gap/> <s> Und weil auch die kleinsten KTM-Fans","von Kopf bis Fuss","im KTM Outfit auf Tour gehen wollen, hält die Frühlingskollektion auch für sie hochwertige Wohlfühlklamotten wie zum","Und weil auch die kleinsten KTM-Fans von Kopf bis Fuss im KTM Outfit auf Tour gehen wollen, hält die Frühlingskollektion auch für sie hochwertige Wohlfühlklamotten wie zum","Style immer unter Berücksichtigung der hohen KTM Qualitätsansprüche.    Und weil auch die kleinsten KTM-Fans von Kopf bis Fuss im KTM Outfit auf Tour gehen wollen, hält die Frühlingskollektion auch für sie hochwertige Wohlfühlklamotten wie zum",5,5,0,0,1.03916700599373e-06
191952,191952,"c26ge_3143","c26","c26ge","ge","c","intertextuality","ancient_sources","impulsana.ch","die Qualität der Gewebe beeinflussen und in ihrer Funktion einschränken. </s><s> Infolge der Vernetzung des Bindegewebes","von Kopf bis Fuss","und von ganz innen bis an die Oberfläche, beeinflusst eine Läsion (""Spannungen im Gewebe"") das ganze System bzw. den","Infolge der Vernetzung des Bindegewebes von Kopf bis Fuss und von ganz innen bis an die Oberfläche, beeinflusst eine Läsion (""Spannungen im Gewebe"") das ganze System bzw.","die Qualität der Gewebe beeinflussen und in ihrer Funktion einschränken.  Infolge der Vernetzung des Bindegewebes von Kopf bis Fuss und von ganz innen bis an die Oberfläche, beeinflusst eine Läsion (""Spannungen im Gewebe"") das ganze System bzw. den",2,2,0,0,1.03916700599373e-06
196046,196046,"c26ge_7237","c26","c26ge","ge","c","intertextuality","ancient_sources","shop-014.de","... </s><s> Weleda - Granatapfel Die Weleda Granatapfel-Regenerationspflege bietet ein umfassendes Anti-Aging-System","von Kopf bis Fuss",". </s><s> Die Gesichts- und Körperpflegeprodukte sind auf die Bedürfnisse anspruchsvoller Haut speziell abgestimmt... </s>","...  Weleda - Granatapfel Die Weleda Granatapfel-Regenerationspflege bietet ein umfassendes Anti-Aging-System von Kopf bis Fuss .","...  Weleda - Granatapfel Die Weleda Granatapfel-Regenerationspflege bietet ein umfassendes Anti-Aging-System von Kopf bis Fuss .  Die Gesichts- und Körperpflegeprodukte sind auf die Bedürfnisse anspruchsvoller Haut speziell abgestimmt... ",5,5,0,0,1.03916700599373e-06
197026,197026,"c26ge_8217","c26","c26ge","ge","c","intertextuality","ancient_sources","perlenschmuck-anleitung.de","Mineralstoffen und Spurenelementen. </s><s> Die Milchsäure tut dem Säureschutzmantel der Haut gut, weshalb Milchprodukte","von Kopf bis Fuß","eingesetzt werden. </s><s> Wenn Sie angewärmte Milch oder Sahne zusammen mit Haferflocken, die die Haut klären und beruhigen","Die Milchsäure tut dem Säureschutzmantel der Haut gut, weshalb Milchprodukte von Kopf bis Fuß eingesetzt werden.","Mineralstoffen und Spurenelementen.  Die Milchsäure tut dem Säureschutzmantel der Haut gut, weshalb Milchprodukte von Kopf bis Fuß eingesetzt werden.  Wenn Sie angewärmte Milch oder Sahne zusammen mit Haferflocken, die die Haut klären und beruhigen",4,4,0,0,1.03916700599373e-06
191580,191580,"c26ge_2771","c26","c26ge","ge","c","intertextuality","ancient_sources","8ag.de","Stück für Stück per Fuß auf den Weg gemacht, die Köpfe der Computerbuch-Leser zu erobern – Titel wie Entwurfsmuster","von Kopf bis Fuß","präsentieren komplexe Lerninhalte unterhaltsam spielerisch und wer bis vor kurzem noch die Nase über ""unernsten""","Stück für Stück per Fuß auf den Weg gemacht, die Köpfe der Computerbuch-Leser zu erobern – Titel wie Entwurfsmuster von Kopf bis Fuß präsentieren komplexe Lerninhalte unterhaltsam spielerisch und wer bis vor kurzem noch die Nase über ""unernsten""","Stück für Stück per Fuß auf den Weg gemacht, die Köpfe der Computerbuch-Leser zu erobern – Titel wie Entwurfsmuster von Kopf bis Fuß präsentieren komplexe Lerninhalte unterhaltsam spielerisch und wer bis vor kurzem noch die Nase über ""unernsten""",5,5,0,0,1.03916700599373e-06
193056,193056,"c26ge_4247","c26","c26ge","ge","c","intertextuality","ancient_sources","wellnesshotel24.de","einfach mal zwischendurch: diesen Wellnessaufenthalt können Sie in vollen Zügen genießen. </s><s> Verwöhnende Massagen","von Kopf bis Fuß","schenken Ihnen wahres Wohlgefühl den ganzen Tag hindurch. </s> <gap/> <s> 3 Nächte, </s> <gap/> <gap/> <s> Bad Kissingen im schönen","Verwöhnende Massagen von Kopf bis Fuß schenken Ihnen wahres Wohlgefühl den ganzen Tag hindurch.","einfach mal zwischendurch: diesen Wellnessaufenthalt können Sie in vollen Zügen genießen.  Verwöhnende Massagen von Kopf bis Fuß schenken Ihnen wahres Wohlgefühl den ganzen Tag hindurch.    3 Nächte,     Bad Kissingen im schönen",5,5,1,1,1.03916700599373e-06
195499,195499,"c26ge_6690","c26","c26ge","ge","c","intertextuality","ancient_sources","jagdhof-roehrnbach.de","<s> Ein paar Verwöhntage in einem Wellnesshotel in Bayern lässt Sie spüren, wie sich mit Streicheleinheiten für die Seele","von Kopf bis Fuß","ein rundum relaxtes Gefühl im Körper einstellt. </s><s> Zudem haben Sie in einem Wellnesshotel in Bayern die Möglichkeit, in"," Ein paar Verwöhntage in einem Wellnesshotel in Bayern lässt Sie spüren, wie sich mit Streicheleinheiten für die Seele von Kopf bis Fuß ein rundum relaxtes Gefühl im Körper einstellt."," Ein paar Verwöhntage in einem Wellnesshotel in Bayern lässt Sie spüren, wie sich mit Streicheleinheiten für die Seele von Kopf bis Fuß ein rundum relaxtes Gefühl im Körper einstellt.  Zudem haben Sie in einem Wellnesshotel in Bayern die Möglichkeit, in",4,4,1,1,1.03916700599373e-06
191198,191198,"c26ge_2389","c26","c26ge","ge","c","intertextuality","ancient_sources","sbch.ch","Schminkbar, ""weil ich realisiert habe, dass es keinen Ort gibt, wo sich Frauen in einem schönen, entspannenden Rahmen","von Kopf bis Fuss","verwöhnen und verschönern lassen können"", so Bea Petri. </s><s> Damals war Petri als freie Maskenbildnerin tätig und","Schminkbar, ""weil ich realisiert habe, dass es keinen Ort gibt, wo sich Frauen in einem schönen, entspannenden Rahmen von Kopf bis Fuss verwöhnen und verschönern lassen können"", so Bea Petri.","Schminkbar, ""weil ich realisiert habe, dass es keinen Ort gibt, wo sich Frauen in einem schönen, entspannenden Rahmen von Kopf bis Fuss verwöhnen und verschönern lassen können"", so Bea Petri.  Damals war Petri als freie Maskenbildnerin tätig und",1,1,1,1,1.03916700599373e-06
190922,190922,"c26ge_2113","c26","c26ge","ge","c","intertextuality","ancient_sources","dr-von-essen.de","wie beim Rheuma. </s> <gap/> <s> Ganzkörperknochenszintigramm </s><s> Bei der Ganzkörperszintigraphie wird der ganze Körper","von Kopf bis Fuß","dargestellt. </s><s> Hierzu werden in Doppelkopfkameras eingesetzt. </s><s> Die offene Bauweise der Kameras lässt Platzangst erst","Ganzkörperknochenszintigramm  Bei der Ganzkörperszintigraphie wird der ganze Körper von Kopf bis Fuß dargestellt.","wie beim Rheuma.    Ganzkörperknochenszintigramm  Bei der Ganzkörperszintigraphie wird der ganze Körper von Kopf bis Fuß dargestellt.  Hierzu werden in Doppelkopfkameras eingesetzt.  Die offene Bauweise der Kameras lässt Platzangst erst",3,4,0,0,1.03916700599373e-06
194984,194984,"c26ge_6175","c26","c26ge","ge","c","intertextuality","ancient_sources","customcount.de","steht wie in den Weiten der unberührten Natur. </s><s> Im Vordergrund steht eine robuste und funktionale Kleidung, natürlich","von Kopf bis Fuß","gefällig aufeinander abgestimmt. </s><s> Mit den Camel Active Taschen werden dem Mann kernige Taschen in verschiedenen","Im Vordergrund steht eine robuste und funktionale Kleidung, natürlich von Kopf bis Fuß gefällig aufeinander abgestimmt.","steht wie in den Weiten der unberührten Natur.  Im Vordergrund steht eine robuste und funktionale Kleidung, natürlich von Kopf bis Fuß gefällig aufeinander abgestimmt.  Mit den Camel Active Taschen werden dem Mann kernige Taschen in verschiedenen",4,5,0,0,1.03916700599373e-06
195058,195058,"c26ge_6249","c26","c26ge","ge","c","intertextuality","ancient_sources","rss-nachrichten.de","Leben hat, wo es gefährlich wird und wo wir davon profitieren können. </s> <gap/> <s> Das neue Quarks & Co E-Book ist fertig ""","Von Kopf bis Fuß","- Entdeckungen im menschlichen Körper"" können Sie im iBookstore als iPad-Version downloaden oder als PDF mit","Das neue Quarks & Co E-Book ist fertig "" Von Kopf bis Fuß - Entdeckungen im menschlichen Körper"" können Sie im iBookstore als iPad-Version downloaden oder als PDF mit","Leben hat, wo es gefährlich wird und wo wir davon profitieren können.    Das neue Quarks & Co E-Book ist fertig "" Von Kopf bis Fuß - Entdeckungen im menschlichen Körper"" können Sie im iBookstore als iPad-Version downloaden oder als PDF mit",5,5,0,0,1.03916700599373e-06
